country,iso3,g_whoregion,year,c_newinc,new_ep
Afghanistan,AFG,EMR,2013,30507,7056
Afghanistan,AFG,EMR,2014,31746,7227
Afghanistan,AFG,EMR,2015,35878,8976
Afghanistan,AFG,EMR,2016,41954,10738
Afghanistan,AFG,EMR,2017,46640,12329
Afghanistan,AFG,EMR,2018,48420,13646
Afghanistan,AFG,EMR,2019,52438,13395
Afghanistan,AFG,EMR,2020,45818,11401
Afghanistan,AFG,EMR,2021,50324,12699
Afghanistan,AFG,EMR,2022,51749,13702
Afghanistan,AFG,EMR,2023,49533,13162
Afghanistan,AFG,EMR,2024,51319,12833
Albania,ALB,EUR,2013,474,141
Albania,ALB,EUR,2014,408,145
Albania,ALB,EUR,2015,415,117
Albania,ALB,EUR,2016,415,113
Albania,ALB,EUR,2017,503,153
Albania,ALB,EUR,2018,440,108
Albania,ALB,EUR,2019,412,84
Albania,ALB,EUR,2020,240,38
Albania,ALB,EUR,2021,269,50
Albania,ALB,EUR,2022,292,42
Albania,ALB,EUR,2023,302,67
Albania,ALB,EUR,2024,232,29
Algeria,DZA,AFR,2013,20701,11760
Algeria,DZA,AFR,2014,22517,13708
Algeria,DZA,AFR,2015,23705,15174
Algeria,DZA,AFR,2016,22801,14452
Algeria,DZA,AFR,2017,23077,15409
Algeria,DZA,AFR,2018,23465,16025
Algeria,DZA,AFR,2019,20879,14259
Algeria,DZA,AFR,2020,17212,11827
Algeria,DZA,AFR,2021,19012,13391
Algeria,DZA,AFR,2022,18738,12912
Algeria,DZA,AFR,2023,18804,13141
Algeria,DZA,AFR,2024,18694,13342
American Samoa,ASM,WPR,2015,4,0
American Samoa,ASM,WPR,2017,5,1
American Samoa,ASM,WPR,2018,0,0
American Samoa,ASM,WPR,2019,1,0
American Samoa,ASM,WPR,2020,3,0
Andorra,AND,EUR,2013,5,0
Andorra,AND,EUR,2014,6,2
Andorra,AND,EUR,2015,4,2
Andorra,AND,EUR,2016,4,1
Andorra,AND,EUR,2017,1,0
Andorra,AND,EUR,2018,2,0
Andorra,AND,EUR,2019,5,1
Andorra,AND,EUR,2020,2,1
Andorra,AND,EUR,2021,2,0
Andorra,AND,EUR,2022,4,
Andorra,AND,EUR,2023,4,
Andorra,AND,EUR,2024,4,1
Angola,AGO,AFR,2013,58607,4835
Angola,AGO,AFR,2014,53552,3562
Angola,AGO,AFR,2015,59705,3894
Angola,AGO,AFR,2016,59513,3899
Angola,AGO,AFR,2017,54401,3341
Angola,AGO,AFR,2018,66189,4216
Angola,AGO,AFR,2019,74105,4641
Angola,AGO,AFR,2020,63147,3857
Angola,AGO,AFR,2021,61691,3466
Angola,AGO,AFR,2022,66356,3270
Angola,AGO,AFR,2023,64912,3325
Angola,AGO,AFR,2024,86071,3800
Anguilla,AIA,AMR,2013,0,0
Anguilla,AIA,AMR,2014,1,0
Anguilla,AIA,AMR,2015,0,0
Anguilla,AIA,AMR,2016,0,0
Anguilla,AIA,AMR,2018,0,0
Anguilla,AIA,AMR,2021,0,0
Anguilla,AIA,AMR,2022,1,0
Anguilla,AIA,AMR,2024,0,0
Antigua and Barbuda,ATG,AMR,2013,10,2
Antigua and Barbuda,ATG,AMR,2014,3,0
Antigua and Barbuda,ATG,AMR,2016,3,0
Antigua and Barbuda,ATG,AMR,2017,1,0
Antigua and Barbuda,ATG,AMR,2018,5,0
Antigua and Barbuda,ATG,AMR,2019,0,0
Antigua and Barbuda,ATG,AMR,2020,2,0
Antigua and Barbuda,ATG,AMR,2021,4,0
Antigua and Barbuda,ATG,AMR,2022,1,0
Antigua and Barbuda,ATG,AMR,2023,1,0
Antigua and Barbuda,ATG,AMR,2024,1,0
Argentina,ARG,AMR,2013,8933,1188
Argentina,ARG,AMR,2014,9195,1255
Argentina,ARG,AMR,2015,9601,1316
Argentina,ARG,AMR,2016,10347,1612
Argentina,ARG,AMR,2017,10170,1615
Argentina,ARG,AMR,2018,10320,1248
Argentina,ARG,AMR,2019,11446,1599
Argentina,ARG,AMR,2020,9322,1067
Argentina,ARG,AMR,2021,11927,1027
Argentina,ARG,AMR,2022,12343,1485
Argentina,ARG,AMR,2023,13905,1566
Argentina,ARG,AMR,2024,15847,1828
Armenia,ARM,EUR,2013,1397,250
Armenia,ARM,EUR,2014,1329,249
Armenia,ARM,EUR,2015,1171,224
Armenia,ARM,EUR,2016,1027,175
Armenia,ARM,EUR,2017,841,167
Armenia,ARM,EUR,2018,734,152
Armenia,ARM,EUR,2019,621,161
Armenia,ARM,EUR,2020,394,106
Armenia,ARM,EUR,2021,398,105
Armenia,ARM,EUR,2022,440,106
Armenia,ARM,EUR,2023,404,105
Armenia,ARM,EUR,2024,383,102
Aruba,ABW,AMR,2013,11,0
Aruba,ABW,AMR,2014,2,0
Aruba,ABW,AMR,2015,6,
Aruba,ABW,AMR,2016,8,1
Aruba,ABW,AMR,2017,8,0
Aruba,ABW,AMR,2018,5,0
Aruba,ABW,AMR,2019,2,1
Aruba,ABW,AMR,2020,1,0
Aruba,ABW,AMR,2021,6,0
Aruba,ABW,AMR,2022,5,1
Aruba,ABW,AMR,2023,4,1
Aruba,ABW,AMR,2024,9,1
Australia,AUS,WPR,2013,1250,512
Australia,AUS,WPR,2014,1330,474
Australia,AUS,WPR,2015,1254,438
Australia,AUS,WPR,2016,1376,481
Australia,AUS,WPR,2017,1434,524
Australia,AUS,WPR,2018,1438,502
Australia,AUS,WPR,2019,1502,554
Australia,AUS,WPR,2020,1611,609
Australia,AUS,WPR,2021,1468,593
Australia,AUS,WPR,2022,1272,450
Australia,AUS,WPR,2023,1434,497
Australia,AUS,WPR,2024,1613,658
Austria,AUT,EUR,2013,624,121
Austria,AUT,EUR,2014,564,104
Austria,AUT,EUR,2015,564,121
Austria,AUT,EUR,2016,619,146
Austria,AUT,EUR,2017,562,134
Austria,AUT,EUR,2018,470,112
Austria,AUT,EUR,2019,464,126
Austria,AUT,EUR,2020,382,92
Austria,AUT,EUR,2021,387,102
Austria,AUT,EUR,2022,366,64
Austria,AUT,EUR,2023,411,92
Austria,AUT,EUR,2024,382,90
Azerbaijan,AZE,EUR,2013,5860,876
Azerbaijan,AZE,EUR,2014,5788,829
Azerbaijan,AZE,EUR,2015,5456,882
Azerbaijan,AZE,EUR,2016,5159,833
Azerbaijan,AZE,EUR,2017,5231,922
Azerbaijan,AZE,EUR,2018,5038,903
Azerbaijan,AZE,EUR,2019,4823,830
Azerbaijan,AZE,EUR,2020,3683,604
Azerbaijan,AZE,EUR,2021,3663,513
Azerbaijan,AZE,EUR,2022,3989,593
Azerbaijan,AZE,EUR,2023,3965,650
Azerbaijan,AZE,EUR,2024,3741,587
Bahamas,BHS,AMR,2013,33,0
Bahamas,BHS,AMR,2014,50,1
Bahamas,BHS,AMR,2015,62,6
Bahamas,BHS,AMR,2016,89,0
Bahamas,BHS,AMR,2017,51,1
Bahamas,BHS,AMR,2018,47,1
Bahamas,BHS,AMR,2019,51,0
Bahamas,BHS,AMR,2020,31,1
Bahamas,BHS,AMR,2021,44,0
Bahamas,BHS,AMR,2022,48,1
Bahamas,BHS,AMR,2023,27,1
Bahamas,BHS,AMR,2024,56,3
Bahrain,BHR,EMR,2013,209,56
Bahrain,BHR,EMR,2016,154,56
Bahrain,BHR,EMR,2017,150,56
Bahrain,BHR,EMR,2018,154,62
Bahrain,BHR,EMR,2019,178,66
Bahrain,BHR,EMR,2020,193,83
Bahrain,BHR,EMR,2021,196,71
Bahrain,BHR,EMR,2022,188,77
Bahrain,BHR,EMR,2023,163,57
Bahrain,BHR,EMR,2024,146,58
Bangladesh,BGD,SEA,2013,184506,33704
Bangladesh,BGD,SEA,2014,191166,37406
Bangladesh,BGD,SEA,2015,206915,42000
Bangladesh,BGD,SEA,2016,222248,43549
Bangladesh,BGD,SEA,2017,242639,44745
Bangladesh,BGD,SEA,2018,267143,49775
Bangladesh,BGD,SEA,2019,291595,53275
Bangladesh,BGD,SEA,2020,230081,42244
Bangladesh,BGD,SEA,2021,306701,55994
Bangladesh,BGD,SEA,2022,261957,62692
Bangladesh,BGD,SEA,2023,302813,66370
Bangladesh,BGD,SEA,2024,314180,67584
Barbados,BRB,AMR,2013,4,0
Barbados,BRB,AMR,2014,5,1
Barbados,BRB,AMR,2015,0,0
Barbados,BRB,AMR,2016,3,0
Barbados,BRB,AMR,2017,0,0
Barbados,BRB,AMR,2018,1,0
Barbados,BRB,AMR,2019,0,0
Barbados,BRB,AMR,2020,6,0
Barbados,BRB,AMR,2021,1,0
Barbados,BRB,AMR,2022,5,0
Barbados,BRB,AMR,2023,2,0
Belarus,BLR,EUR,2013,4470,330
Belarus,BLR,EUR,2014,3858,310
Belarus,BLR,EUR,2015,3765,271
Belarus,BLR,EUR,2016,3211,237
Belarus,BLR,EUR,2017,2781,208
Belarus,BLR,EUR,2018,2359,203
Belarus,BLR,EUR,2019,2207,174
Belarus,BLR,EUR,2020,1514,87
Belarus,BLR,EUR,2021,1484,97
Belarus,BLR,EUR,2022,1670,116
Belarus,BLR,EUR,2023,1555,86
Belarus,BLR,EUR,2024,1241,74
Belgium,BEL,EUR,2013,906,281
Belgium,BEL,EUR,2014,886,258
Belgium,BEL,EUR,2015,928,276
Belgium,BEL,EUR,2016,986,320
Belgium,BEL,EUR,2017,916,265
Belgium,BEL,EUR,2018,913,265
Belgium,BEL,EUR,2019,895,262
Belgium,BEL,EUR,2020,778,239
Belgium,BEL,EUR,2021,817,247
Belgium,BEL,EUR,2022,786,253
Belgium,BEL,EUR,2023,253,65
Belgium,BEL,EUR,2024,461,127
Belize,BLZ,AMR,2013,121,3
Belize,BLZ,AMR,2014,72,8
Belize,BLZ,AMR,2015,78,7
Belize,BLZ,AMR,2016,120,6
Belize,BLZ,AMR,2017,117,3
Belize,BLZ,AMR,2018,99,0
Belize,BLZ,AMR,2019,91,2
Belize,BLZ,AMR,2020,78,2
Belize,BLZ,AMR,2021,72,3
Belize,BLZ,AMR,2022,75,3
Belize,BLZ,AMR,2023,81,0
Belize,BLZ,AMR,2024,73,2
Benin,BEN,AFR,2013,3866,293
Benin,BEN,AFR,2014,3886,359
Benin,BEN,AFR,2015,3985,367
Benin,BEN,AFR,2016,3891,402
Benin,BEN,AFR,2017,3563,311
Benin,BEN,AFR,2018,4003,318
Benin,BEN,AFR,2019,4266,328
Benin,BEN,AFR,2020,3908,308
Benin,BEN,AFR,2021,3711,202
Benin,BEN,AFR,2022,4146,266
Benin,BEN,AFR,2023,4305,284
Benin,BEN,AFR,2024,4032,296
Bermuda,BMU,AMR,2013,0,0
Bermuda,BMU,AMR,2014,0,0
Bermuda,BMU,AMR,2015,0,0
Bermuda,BMU,AMR,2016,2,0
Bermuda,BMU,AMR,2017,2,1
Bermuda,BMU,AMR,2018,2,0
Bermuda,BMU,AMR,2019,2,1
Bermuda,BMU,AMR,2020,3,0
Bermuda,BMU,AMR,2021,2,0
Bermuda,BMU,AMR,2022,1,1
Bermuda,BMU,AMR,2023,2,0
Bermuda,BMU,AMR,2024,2,0
Bhutan,BTN,SEA,2013,1080,471
Bhutan,BTN,SEA,2014,1066,466
Bhutan,BTN,SEA,2015,963,467
Bhutan,BTN,SEA,2016,1139,560
Bhutan,BTN,SEA,2017,865,347
Bhutan,BTN,SEA,2018,898,343
Bhutan,BTN,SEA,2019,1005,383
Bhutan,BTN,SEA,2020,911,338
Bhutan,BTN,SEA,2021,854,308
Bhutan,BTN,SEA,2022,794,283
Bhutan,BTN,SEA,2023,840,283
Bhutan,BTN,SEA,2024,903,301
Bolivia (Plurinational State of),BOL,AMR,2013,8327,1668
Bolivia (Plurinational State of),BOL,AMR,2014,8079,1642
Bolivia (Plurinational State of),BOL,AMR,2015,7831,1579
Bolivia (Plurinational State of),BOL,AMR,2016,7681,1528
Bolivia (Plurinational State of),BOL,AMR,2017,7576,1653
Bolivia (Plurinational State of),BOL,AMR,2018,7597,1477
Bolivia (Plurinational State of),BOL,AMR,2019,7461,1502
Bolivia (Plurinational State of),BOL,AMR,2020,6007,1172
Bolivia (Plurinational State of),BOL,AMR,2021,7071,1227
Bolivia (Plurinational State of),BOL,AMR,2022,8073,1349
Bolivia (Plurinational State of),BOL,AMR,2023,9322,1568
Bolivia (Plurinational State of),BOL,AMR,2024,9302,1458
Bosnia and Herzegovina,BIH,EUR,2013,1261,163
Bosnia and Herzegovina,BIH,EUR,2014,1196,147
Bosnia and Herzegovina,BIH,EUR,2015,1092,110
Bosnia and Herzegovina,BIH,EUR,2016,907,115
Bosnia and Herzegovina,BIH,EUR,2017,766,81
Bosnia and Herzegovina,BIH,EUR,2018,666,65
Bosnia and Herzegovina,BIH,EUR,2019,580,76
Bosnia and Herzegovina,BIH,EUR,2020,357,38
Bosnia and Herzegovina,BIH,EUR,2021,362,21
Bosnia and Herzegovina,BIH,EUR,2022,432,27
Bosnia and Herzegovina,BIH,EUR,2023,444,34
Bosnia and Herzegovina,BIH,EUR,2024,455,31
Botswana,BWA,AFR,2013,6834,1152
Botswana,BWA,AFR,2014,6019,1008
Botswana,BWA,AFR,2015,4972,865
Botswana,BWA,AFR,2016,5460,849
Botswana,BWA,AFR,2017,5274,746
Botswana,BWA,AFR,2018,4654,560
Botswana,BWA,AFR,2019,3089,471
Botswana,BWA,AFR,2020,2484,403
Botswana,BWA,AFR,2021,2350,276
Botswana,BWA,AFR,2022,2624,309
Botswana,BWA,AFR,2023,1753,203
Botswana,BWA,AFR,2024,2402,271
Brazil,BRA,AMR,2013,77401,10061
Brazil,BRA,AMR,2014,75963,9504
Brazil,BRA,AMR,2015,76301,9142
Brazil,BRA,AMR,2016,77076,9490
Brazil,BRA,AMR,2017,81159,9786
Brazil,BRA,AMR,2018,85108,10463
Brazil,BRA,AMR,2019,86258,10705
Brazil,BRA,AMR,2020,76582,9020
Brazil,BRA,AMR,2021,79904,9041
Brazil,BRA,AMR,2022,88661,9647
Brazil,BRA,AMR,2023,92226,10251
Brazil,BRA,AMR,2024,92863,11183
British Virgin Islands,VGB,AMR,2013,1,0
British Virgin Islands,VGB,AMR,2014,0,0
British Virgin Islands,VGB,AMR,2015,0,0
British Virgin Islands,VGB,AMR,2016,0,0
British Virgin Islands,VGB,AMR,2018,1,
British Virgin Islands,VGB,AMR,2023,0,0
British Virgin Islands,VGB,AMR,2024,0,0
Brunei Darussalam,BRN,WPR,2013,212,48
Brunei Darussalam,BRN,WPR,2014,198,35
Brunei Darussalam,BRN,WPR,2015,212,35
Brunei Darussalam,BRN,WPR,2016,242,52
Brunei Darussalam,BRN,WPR,2017,238,45
Brunei Darussalam,BRN,WPR,2018,252,47
Brunei Darussalam,BRN,WPR,2019,242,29
Brunei Darussalam,BRN,WPR,2020,314,56
Brunei Darussalam,BRN,WPR,2021,235,40
Brunei Darussalam,BRN,WPR,2022,224,45
Brunei Darussalam,BRN,WPR,2023,260,51
Brunei Darussalam,BRN,WPR,2024,235,42
Bulgaria,BGR,EUR,2013,1930,471
Bulgaria,BGR,EUR,2014,1825,481
Bulgaria,BGR,EUR,2015,1619,406
Bulgaria,BGR,EUR,2016,1525,394
Bulgaria,BGR,EUR,2017,1408,341
Bulgaria,BGR,EUR,2018,1290,263
Bulgaria,BGR,EUR,2019,1288,260
Bulgaria,BGR,EUR,2020,887,175
Bulgaria,BGR,EUR,2021,673,118
Bulgaria,BGR,EUR,2022,764,128
Bulgaria,BGR,EUR,2023,858,161
Bulgaria,BGR,EUR,2024,873,163
Burkina Faso,BFA,AFR,2013,5326,637
Burkina Faso,BFA,AFR,2014,5546,683
Burkina Faso,BFA,AFR,2015,5594,808
Burkina Faso,BFA,AFR,2016,5677,943
Burkina Faso,BFA,AFR,2017,5610,822
Burkina Faso,BFA,AFR,2018,5995,826
Burkina Faso,BFA,AFR,2019,4918,686
Burkina Faso,BFA,AFR,2020,5691,839
Burkina Faso,BFA,AFR,2021,6882,991
Burkina Faso,BFA,AFR,2022,7444,1089
Burkina Faso,BFA,AFR,2023,8667,1159
Burkina Faso,BFA,AFR,2024,9394,1399
Burundi,BDI,AFR,2013,7467,1990
Burundi,BDI,AFR,2014,7226,2102
Burundi,BDI,AFR,2015,6892,2043
Burundi,BDI,AFR,2016,7567,2013
Burundi,BDI,AFR,2017,7760,1921
Burundi,BDI,AFR,2018,7202,1853
Burundi,BDI,AFR,2019,6753,1697
Burundi,BDI,AFR,2020,7105,1607
Burundi,BDI,AFR,2021,6788,1710
Burundi,BDI,AFR,2022,7587,1939
Burundi,BDI,AFR,2023,7948,1874
Burundi,BDI,AFR,2024,8085,1933
Cabo Verde,CPV,AFR,2013,302,41
Cabo Verde,CPV,AFR,2014,274,52
Cabo Verde,CPV,AFR,2015,269,27
Cabo Verde,CPV,AFR,2016,247,25
Cabo Verde,CPV,AFR,2017,249,42
Cabo Verde,CPV,AFR,2018,200,24
Cabo Verde,CPV,AFR,2019,203,24
Cabo Verde,CPV,AFR,2020,207,23
Cabo Verde,CPV,AFR,2021,182,11
Cabo Verde,CPV,AFR,2022,145,13
Cabo Verde,CPV,AFR,2023,197,23
Cabo Verde,CPV,AFR,2024,176,24
Cambodia,KHM,WPR,2013,37743,14203
Cambodia,KHM,WPR,2014,43059,18310
Cambodia,KHM,WPR,2015,35169,12932
Cambodia,KHM,WPR,2016,33453,10854
Cambodia,KHM,WPR,2017,34238,11619
Cambodia,KHM,WPR,2018,28620,10059
Cambodia,KHM,WPR,2019,29906,10674
Cambodia,KHM,WPR,2020,29050,11157
Cambodia,KHM,WPR,2021,21589,8855
Cambodia,KHM,WPR,2022,32772,12668
Cambodia,KHM,WPR,2023,32270,11488
Cambodia,KHM,WPR,2024,33779,9548
Cameroon,CMR,AFR,2013,25648,3884
Cameroon,CMR,AFR,2014,26038,4060
Cameroon,CMR,AFR,2015,26117,4139
Cameroon,CMR,AFR,2016,25527,4322
Cameroon,CMR,AFR,2017,24527,4154
Cameroon,CMR,AFR,2018,23403,3738
Cameroon,CMR,AFR,2019,24331,3573
Cameroon,CMR,AFR,2020,22102,3381
Cameroon,CMR,AFR,2021,22409,2908
Cameroon,CMR,AFR,2022,24722,2987
Cameroon,CMR,AFR,2023,25129,3008
Cameroon,CMR,AFR,2024,26551,2914
Canada,CAN,AMR,2013,1638,486
Canada,CAN,AMR,2014,1568,423
Canada,CAN,AMR,2015,1640,471
Canada,CAN,AMR,2016,1738,467
Canada,CAN,AMR,2017,1796,523
Canada,CAN,AMR,2018,1796,546
Canada,CAN,AMR,2019,1912,531
Canada,CAN,AMR,2020,1765,697
Canada,CAN,AMR,2021,1904,955
Canada,CAN,AMR,2022,1968,964
Canada,CAN,AMR,2023,2218,616
Canada,CAN,AMR,2024,2508,841
Cayman Islands,CYM,AMR,2013,5,2
Cayman Islands,CYM,AMR,2014,0,0
Cayman Islands,CYM,AMR,2015,7,0
Cayman Islands,CYM,AMR,2016,3,0
Cayman Islands,CYM,AMR,2017,4,
Cayman Islands,CYM,AMR,2018,3,0
Cayman Islands,CYM,AMR,2019,4,1
Cayman Islands,CYM,AMR,2020,2,1
Cayman Islands,CYM,AMR,2021,2,1
Cayman Islands,CYM,AMR,2022,6,1
Cayman Islands,CYM,AMR,2023,3,0
Central African Republic,CAF,AFR,2013,8590,1415
Central African Republic,CAF,AFR,2014,10186,1685
Central African Republic,CAF,AFR,2015,10459,1888
Central African Republic,CAF,AFR,2016,10356,1890
Central African Republic,CAF,AFR,2017,9664,1841
Central African Republic,CAF,AFR,2018,10881,2301
Central African Republic,CAF,AFR,2019,12046,2332
Central African Republic,CAF,AFR,2020,12610,2560
Central African Republic,CAF,AFR,2021,13216,2521
Central African Republic,CAF,AFR,2022,14389,2458
Central African Republic,CAF,AFR,2023,14782,2452
Central African Republic,CAF,AFR,2024,15855,2415
Chad,TCD,AFR,2013,11237,1212
Chad,TCD,AFR,2014,11973,1499
Chad,TCD,AFR,2015,11471,1665
Chad,TCD,AFR,2016,10777,1555
Chad,TCD,AFR,2017,11774,1727
Chad,TCD,AFR,2018,13078,1525
Chad,TCD,AFR,2019,13634,1878
Chad,TCD,AFR,2020,12809,1435
Chad,TCD,AFR,2021,13643,1516
Chad,TCD,AFR,2022,14725,1423
Chad,TCD,AFR,2023,15772,1385
Chad,TCD,AFR,2024,17082,1445
Chile,CHL,AMR,2013,2412,560
Chile,CHL,AMR,2014,2383,467
Chile,CHL,AMR,2015,2569,492
Chile,CHL,AMR,2016,2548,475
Chile,CHL,AMR,2017,2740,494
Chile,CHL,AMR,2018,2947,595
Chile,CHL,AMR,2019,2912,521
Chile,CHL,AMR,2020,2420,530
Chile,CHL,AMR,2021,2631,524
Chile,CHL,AMR,2022,2880,533
Chile,CHL,AMR,2023,3151,548
Chile,CHL,AMR,2024,3091,534
China,CHN,WPR,2013,847176,30767
China,CHN,WPR,2014,819283,32348
China,CHN,WPR,2015,798439,33259
China,CHN,WPR,2016,778493,35369
China,CHN,WPR,2017,773150,36525
China,CHN,WPR,2018,795245,42471
China,CHN,WPR,2019,728265,39109
China,CHN,WPR,2020,624715,33473
China,CHN,WPR,2021,585340,28192
China,CHN,WPR,2022,501261,28570
China,CHN,WPR,2023,564918,29458
China,CHN,WPR,2024,531097,30105
"China, Hong Kong SAR",HKG,WPR,2013,4744,893
"China, Hong Kong SAR",HKG,WPR,2014,4759,917
"China, Hong Kong SAR",HKG,WPR,2015,4498,987
"China, Hong Kong SAR",HKG,WPR,2016,4412,978
"China, Hong Kong SAR",HKG,WPR,2017,4306,1019
"China, Hong Kong SAR",HKG,WPR,2018,4286,810
"China, Hong Kong SAR",HKG,WPR,2019,4051,805
"China, Hong Kong SAR",HKG,WPR,2020,3642,731
"China, Hong Kong SAR",HKG,WPR,2021,3711,755
"China, Hong Kong SAR",HKG,WPR,2022,3190,642
"China, Hong Kong SAR",HKG,WPR,2023,3218,599
"China, Hong Kong SAR",HKG,WPR,2024,3202,637
"China, Macao SAR",MAC,WPR,2013,433,57
"China, Macao SAR",MAC,WPR,2014,394,60
"China, Macao SAR",MAC,WPR,2015,370,46
"China, Macao SAR",MAC,WPR,2016,358,55
"China, Macao SAR",MAC,WPR,2017,379,53
"China, Macao SAR",MAC,WPR,2018,327,48
"China, Macao SAR",MAC,WPR,2019,363,40
"China, Macao SAR",MAC,WPR,2020,363,75
"China, Macao SAR",MAC,WPR,2021,338,55
"China, Macao SAR",MAC,WPR,2022,295,38
"China, Macao SAR",MAC,WPR,2023,315,35
"China, Macao SAR",MAC,WPR,2024,276,30
Colombia,COL,AMR,2013,11737,2354
Colombia,COL,AMR,2014,11637,2317
Colombia,COL,AMR,2015,11858,2136
Colombia,COL,AMR,2016,12581,2108
Colombia,COL,AMR,2017,13007,2213
Colombia,COL,AMR,2018,13140,2274
Colombia,COL,AMR,2019,14292,2468
Colombia,COL,AMR,2020,12088,1924
Colombia,COL,AMR,2021,13659,2202
Colombia,COL,AMR,2022,16692,2383
Colombia,COL,AMR,2023,19970,2805
Colombia,COL,AMR,2024,20977,2802
Comoros,COM,AFR,2013,121,32
Comoros,COM,AFR,2014,148,32
Comoros,COM,AFR,2016,163,46
Comoros,COM,AFR,2017,128,42
Comoros,COM,AFR,2018,121,37
Comoros,COM,AFR,2019,191,94
Comoros,COM,AFR,2020,156,76
Comoros,COM,AFR,2021,134,44
Comoros,COM,AFR,2022,104,33
Comoros,COM,AFR,2023,107,33
Comoros,COM,AFR,2024,128,47
Congo,COG,AFR,2013,10699,2850
Congo,COG,AFR,2014,10017,2466
Congo,COG,AFR,2015,9937,2426
Congo,COG,AFR,2016,10424,2736
Congo,COG,AFR,2017,10005,2212
Congo,COG,AFR,2018,10706,2464
Congo,COG,AFR,2019,11802,2661
Congo,COG,AFR,2020,11175,2781
Congo,COG,AFR,2021,11979,2891
Congo,COG,AFR,2022,13727,3279
Congo,COG,AFR,2023,14370,2791
Congo,COG,AFR,2024,13333,2399
Cook Islands,COK,WPR,2013,2,1
Cook Islands,COK,WPR,2014,2,0
Cook Islands,COK,WPR,2015,0,0
Cook Islands,COK,WPR,2016,2,0
Cook Islands,COK,WPR,2017,0,0
Cook Islands,COK,WPR,2018,0,0
Cook Islands,COK,WPR,2019,1,0
Cook Islands,COK,WPR,2020,1,0
Cook Islands,COK,WPR,2021,0,0
Cook Islands,COK,WPR,2022,0,0
Cook Islands,COK,WPR,2023,4,0
Cook Islands,COK,WPR,2024,1,0
Costa Rica,CRI,AMR,2013,410,32
Costa Rica,CRI,AMR,2014,463,63
Costa Rica,CRI,AMR,2015,424,59
Costa Rica,CRI,AMR,2016,368,61
Costa Rica,CRI,AMR,2017,379,59
Costa Rica,CRI,AMR,2018,401,57
Costa Rica,CRI,AMR,2019,405,62
Costa Rica,CRI,AMR,2020,342,56
Costa Rica,CRI,AMR,2021,350,48
Costa Rica,CRI,AMR,2022,392,57
Costa Rica,CRI,AMR,2023,474,60
Costa Rica,CRI,AMR,2024,455,67
Côte d'Ivoire,CIV,AFR,2013,24749,5436
Côte d'Ivoire,CIV,AFR,2014,23275,5243
Côte d'Ivoire,CIV,AFR,2015,22458,4706
Côte d'Ivoire,CIV,AFR,2016,21357,4346
Côte d'Ivoire,CIV,AFR,2017,20939,4105
Côte d'Ivoire,CIV,AFR,2018,21034,3891
Côte d'Ivoire,CIV,AFR,2019,21208,3849
Côte d'Ivoire,CIV,AFR,2020,19717,3833
Côte d'Ivoire,CIV,AFR,2021,20729,3155
Côte d'Ivoire,CIV,AFR,2022,21829,3082
Côte d'Ivoire,CIV,AFR,2023,21848,2960
Côte d'Ivoire,CIV,AFR,2024,21913,2922
Croatia,HRV,EUR,2013,511,33
Croatia,HRV,EUR,2014,496,41
Croatia,HRV,EUR,2015,484,32
Croatia,HRV,EUR,2016,449,33
Croatia,HRV,EUR,2017,364,37
Croatia,HRV,EUR,2018,364,36
Croatia,HRV,EUR,2019,297,19
Croatia,HRV,EUR,2020,177,2
Croatia,HRV,EUR,2021,154,5
Croatia,HRV,EUR,2022,206,12
Croatia,HRV,EUR,2023,260,28
Croatia,HRV,EUR,2024,272,25
Cuba,CUB,AMR,2013,757,73
Cuba,CUB,AMR,2014,729,80
Cuba,CUB,AMR,2015,698,64
Cuba,CUB,AMR,2016,682,65
Cuba,CUB,AMR,2017,712,87
Cuba,CUB,AMR,2018,710,73
Cuba,CUB,AMR,2019,636,51
Cuba,CUB,AMR,2020,580,72
Cuba,CUB,AMR,2021,509,46
Cuba,CUB,AMR,2022,717,85
Cuba,CUB,AMR,2023,753,70
Cuba,CUB,AMR,2024,1054,78
Curaçao,CUW,AMR,2013,2,0
Curaçao,CUW,AMR,2014,5,0
Curaçao,CUW,AMR,2015,8,2
Curaçao,CUW,AMR,2016,4,0
Curaçao,CUW,AMR,2017,9,0
Curaçao,CUW,AMR,2022,5,0
Cyprus,CYP,EUR,2013,41,12
Cyprus,CYP,EUR,2014,39,4
Cyprus,CYP,EUR,2015,63,8
Cyprus,CYP,EUR,2016,57,8
Cyprus,CYP,EUR,2017,52,9
Cyprus,CYP,EUR,2018,51,10
Cyprus,CYP,EUR,2019,66,7
Cyprus,CYP,EUR,2020,34,6
Cyprus,CYP,EUR,2021,48,10
Cyprus,CYP,EUR,2022,94,13
Cyprus,CYP,EUR,2023,78,15
Cyprus,CYP,EUR,2024,61,17
Czechia,CZE,EUR,2013,471,57
Czechia,CZE,EUR,2014,474,67
Czechia,CZE,EUR,2015,508,64
Czechia,CZE,EUR,2016,511,66
Czechia,CZE,EUR,2017,499,65
Czechia,CZE,EUR,2018,435,46
Czechia,CZE,EUR,2019,458,37
Czechia,CZE,EUR,2020,360,43
Czechia,CZE,EUR,2021,352,34
Czechia,CZE,EUR,2022,379,42
Czechia,CZE,EUR,2023,450,55
Czechia,CZE,EUR,2024,448,44
Democratic People's Republic of Korea,PRK,SEA,2013,97665,18158
Democratic People's Republic of Korea,PRK,SEA,2014,103045,18587
Democratic People's Republic of Korea,PRK,SEA,2015,112840,20758
Democratic People's Republic of Korea,PRK,SEA,2016,112606,21345
Democratic People's Republic of Korea,PRK,SEA,2017,100553,19461
Democratic People's Republic of Korea,PRK,SEA,2018,89939,18097
Democratic People's Republic of Korea,PRK,SEA,2019,95722,18407
Democratic People's Republic of Korea,PRK,SEA,2020,89640,17305
Democratic People's Republic of Korea,PRK,SEA,2021,87413,17539
Democratic People's Republic of Korea,PRK,SEA,2022,81776,17070
Democratic People's Republic of Korea,PRK,SEA,2023,78359,16289
Democratic People's Republic of Korea,PRK,SEA,2024,71277,13910
Congo,COD,AFR,2013,112439,20297
Congo,COD,AFR,2014,115795,19566
Congo,COD,AFR,2015,119213,20329
Congo,COD,AFR,2016,130596,22354
Congo,COD,AFR,2017,150085,24959
Congo,COD,AFR,2018,169748,27788
Congo,COD,AFR,2019,178527,28461
Congo,COD,AFR,2020,200955,33066
Congo,COD,AFR,2021,214408,36867
Congo,COD,AFR,2022,246119,43948
Congo,COD,AFR,2023,258069,44744
Congo,COD,AFR,2024,286720,48257
Denmark,DNK,EUR,2013,330,64
Denmark,DNK,EUR,2014,293,67
Denmark,DNK,EUR,2015,320,60
Denmark,DNK,EUR,2016,292,59
Denmark,DNK,EUR,2017,253,56
Denmark,DNK,EUR,2018,270,61
Denmark,DNK,EUR,2019,260,52
Denmark,DNK,EUR,2020,207,57
Denmark,DNK,EUR,2021,191,51
Denmark,DNK,EUR,2022,205,41
Denmark,DNK,EUR,2023,174,48
Denmark,DNK,EUR,2024,168,53
Djibouti,DJI,EMR,2013,3162,1400
Djibouti,DJI,EMR,2014,2422,986
Djibouti,DJI,EMR,2015,2686,1162
Djibouti,DJI,EMR,2016,2522,982
Djibouti,DJI,EMR,2017,2057,713
Djibouti,DJI,EMR,2018,1997,726
Djibouti,DJI,EMR,2019,1825,648
Djibouti,DJI,EMR,2020,1701,779
Djibouti,DJI,EMR,2021,1799,771
Djibouti,DJI,EMR,2022,2152,829
Djibouti,DJI,EMR,2024,2369,1033
Dominica,DMA,AMR,2013,3,2
Dominica,DMA,AMR,2014,1,0
Dominica,DMA,AMR,2015,7,0
Dominica,DMA,AMR,2016,5,0
Dominica,DMA,AMR,2017,1,0
Dominica,DMA,AMR,2018,4,2
Dominica,DMA,AMR,2019,10,0
Dominica,DMA,AMR,2021,0,0
Dominica,DMA,AMR,2022,0,0
Dominica,DMA,AMR,2023,4,0
Dominica,DMA,AMR,2024,3,0
Dominican Republic,DOM,AMR,2013,4450,559
Dominican Republic,DOM,AMR,2014,4405,483
Dominican Republic,DOM,AMR,2015,4504,502
Dominican Republic,DOM,AMR,2016,4235,486
Dominican Republic,DOM,AMR,2017,3851,429
Dominican Republic,DOM,AMR,2018,3857,371
Dominican Republic,DOM,AMR,2019,3588,361
Dominican Republic,DOM,AMR,2020,2619,225
Dominican Republic,DOM,AMR,2021,3374,275
Dominican Republic,DOM,AMR,2022,4080,280
Dominican Republic,DOM,AMR,2023,4377,326
Dominican Republic,DOM,AMR,2024,4506,312
Ecuador,ECU,AMR,2013,5277,911
Ecuador,ECU,AMR,2014,5157,913
Ecuador,ECU,AMR,2015,5097,903
Ecuador,ECU,AMR,2016,5284,952
Ecuador,ECU,AMR,2017,5721,1025
Ecuador,ECU,AMR,2018,5960,1125
Ecuador,ECU,AMR,2019,6348,998
Ecuador,ECU,AMR,2020,5268,719
Ecuador,ECU,AMR,2021,5595,759
Ecuador,ECU,AMR,2022,6922,882
Ecuador,ECU,AMR,2023,8301,1225
Ecuador,ECU,AMR,2024,9370,1081
Egypt,EGY,EMR,2013,7876,2565
Egypt,EGY,EMR,2014,7177,2285
Egypt,EGY,EMR,2015,7860,2935
Egypt,EGY,EMR,2016,7974,3395
Egypt,EGY,EMR,2017,8053,3509
Egypt,EGY,EMR,2018,8280,3740
Egypt,EGY,EMR,2019,8046,3673
Egypt,EGY,EMR,2020,6982,3282
Egypt,EGY,EMR,2021,6761,3143
Egypt,EGY,EMR,2022,7967,3428
Egypt,EGY,EMR,2023,9312,4033
Egypt,EGY,EMR,2024,10658,4384
El Salvador,SLV,AMR,2013,2176,333
El Salvador,SLV,AMR,2014,2206,291
El Salvador,SLV,AMR,2015,2452,343
El Salvador,SLV,AMR,2016,3034,404
El Salvador,SLV,AMR,2017,3666,358
El Salvador,SLV,AMR,2018,3615,407
El Salvador,SLV,AMR,2019,3009,410
El Salvador,SLV,AMR,2020,2042,259
El Salvador,SLV,AMR,2021,1936,323
El Salvador,SLV,AMR,2022,2531,370
El Salvador,SLV,AMR,2023,4265,511
El Salvador,SLV,AMR,2024,5796,574
Equatorial Guinea,GNQ,AFR,2014,1166,142
Equatorial Guinea,GNQ,AFR,2015,1279,114
Equatorial Guinea,GNQ,AFR,2016,1428,137
Equatorial Guinea,GNQ,AFR,2017,1444,167
Equatorial Guinea,GNQ,AFR,2018,1328,118
Equatorial Guinea,GNQ,AFR,2019,1479,61
Equatorial Guinea,GNQ,AFR,2020,1479,81
Equatorial Guinea,GNQ,AFR,2021,1807,66
Equatorial Guinea,GNQ,AFR,2022,3035,366
Equatorial Guinea,GNQ,AFR,2023,3601,186
Equatorial Guinea,GNQ,AFR,2024,2589,137
Eritrea,ERI,AFR,2013,2860,928
Eritrea,ERI,AFR,2014,2391,774
Eritrea,ERI,AFR,2015,2060,696
Eritrea,ERI,AFR,2016,2215,751
Eritrea,ERI,AFR,2017,2045,720
Eritrea,ERI,AFR,2018,1872,688
Eritrea,ERI,AFR,2019,1828,637
Eritrea,ERI,AFR,2020,1594,571
Eritrea,ERI,AFR,2021,1603,543
Eritrea,ERI,AFR,2022,1963,576
Eritrea,ERI,AFR,2023,2220,605
Eritrea,ERI,AFR,2024,1745,525
Estonia,EST,EUR,2013,263,11
Estonia,EST,EUR,2014,236,13
Estonia,EST,EUR,2015,206,14
Estonia,EST,EUR,2016,188,12
Estonia,EST,EUR,2017,171,7
Estonia,EST,EUR,2018,145,7
Estonia,EST,EUR,2019,147,11
Estonia,EST,EUR,2020,120,8
Estonia,EST,EUR,2021,107,4
Estonia,EST,EUR,2022,125,7
Estonia,EST,EUR,2023,98,2
Estonia,EST,EUR,2024,88,5
Eswatini,SWZ,AFR,2013,6641,921
Eswatini,SWZ,AFR,2014,5583,765
Eswatini,SWZ,AFR,2015,4266,622
Eswatini,SWZ,AFR,2016,3567,532
Eswatini,SWZ,AFR,2017,3367,414
Eswatini,SWZ,AFR,2018,2987,356
Eswatini,SWZ,AFR,2019,2876,372
Eswatini,SWZ,AFR,2020,2143,462
Eswatini,SWZ,AFR,2021,1934,377
Eswatini,SWZ,AFR,2022,2374,386
Eswatini,SWZ,AFR,2023,2297,452
Eswatini,SWZ,AFR,2024,2419,316
Ethiopia,ETH,AFR,2013,131677,42353
Ethiopia,ETH,AFR,2014,119592,37930
Ethiopia,ETH,AFR,2015,135951,40442
Ethiopia,ETH,AFR,2016,125836,40603
Ethiopia,ETH,AFR,2017,116725,36688
Ethiopia,ETH,AFR,2018,113613,35182
Ethiopia,ETH,AFR,2019,111039,33824
Ethiopia,ETH,AFR,2020,108193,32895
Ethiopia,ETH,AFR,2021,104606,32210
Ethiopia,ETH,AFR,2022,113638,33308
Ethiopia,ETH,AFR,2023,134873,36807
Ethiopia,ETH,AFR,2024,149902,39414
Fiji,FJI,WPR,2013,254,71
Fiji,FJI,WPR,2014,378,109
Fiji,FJI,WPR,2015,363,126
Fiji,FJI,WPR,2016,312,91
Fiji,FJI,WPR,2017,357,107
Fiji,FJI,WPR,2018,385,121
Fiji,FJI,WPR,2019,472,173
Fiji,FJI,WPR,2020,431,165
Fiji,FJI,WPR,2021,342,72
Fiji,FJI,WPR,2022,571,139
Fiji,FJI,WPR,2023,391,76
Fiji,FJI,WPR,2024,567,127
Finland,FIN,EUR,2013,266,51
Finland,FIN,EUR,2014,252,60
Finland,FIN,EUR,2015,267,64
Finland,FIN,EUR,2016,225,57
Finland,FIN,EUR,2017,234,67
Finland,FIN,EUR,2018,229,73
Finland,FIN,EUR,2019,224,66
Finland,FIN,EUR,2020,174,56
Finland,FIN,EUR,2021,170,52
Finland,FIN,EUR,2022,190,62
Finland,FIN,EUR,2023,179,62
Finland,FIN,EUR,2024,180,55
France,FRA,EUR,2013,4708,1291
France,FRA,EUR,2014,4535,1230
France,FRA,EUR,2015,4494,1233
France,FRA,EUR,2016,4675,1356
France,FRA,EUR,2017,4839,1350
France,FRA,EUR,2018,4779,1412
France,FRA,EUR,2019,4869,1541
France,FRA,EUR,2020,4398,1369
France,FRA,EUR,2021,4042,1279
France,FRA,EUR,2022,3831,1054
France,FRA,EUR,2023,4568,1306
France,FRA,EUR,2024,4242,1264
French Polynesia,PYF,WPR,2013,52,6
French Polynesia,PYF,WPR,2014,56,11
French Polynesia,PYF,WPR,2015,46,8
French Polynesia,PYF,WPR,2016,55,13
French Polynesia,PYF,WPR,2017,52,10
French Polynesia,PYF,WPR,2018,54,9
French Polynesia,PYF,WPR,2020,64,9
French Polynesia,PYF,WPR,2021,34,2
French Polynesia,PYF,WPR,2022,55,12
French Polynesia,PYF,WPR,2023,35,9
Gabon,GAB,AFR,2013,5179,529
Gabon,GAB,AFR,2014,5608,448
Gabon,GAB,AFR,2015,5727,439
Gabon,GAB,AFR,2016,5567,467
Gabon,GAB,AFR,2017,5209,401
Gabon,GAB,AFR,2018,5689,500
Gabon,GAB,AFR,2019,5399,554
Gabon,GAB,AFR,2020,4879,480
Gabon,GAB,AFR,2021,5073,644
Gabon,GAB,AFR,2022,6299,522
Gabon,GAB,AFR,2023,6648,665
Gabon,GAB,AFR,2024,6445,497
Gambia,GMB,AFR,2013,2325,171
Gambia,GMB,AFR,2014,2552,209
Gambia,GMB,AFR,2015,2531,185
Gambia,GMB,AFR,2016,2498,201
Gambia,GMB,AFR,2017,2489,171
Gambia,GMB,AFR,2018,2394,133
Gambia,GMB,AFR,2019,2619,162
Gambia,GMB,AFR,2020,2405,171
Gambia,GMB,AFR,2021,2254,140
Gambia,GMB,AFR,2022,2535,122
Gambia,GMB,AFR,2023,2766,165
Gambia,GMB,AFR,2024,2783,195
Georgia,GEO,EUR,2013,3434,721
Georgia,GEO,EUR,2014,3200,661
Georgia,GEO,EUR,2015,3152,616
Georgia,GEO,EUR,2016,2983,562
Georgia,GEO,EUR,2017,2597,477
Georgia,GEO,EUR,2018,2316,417
Georgia,GEO,EUR,2019,2169,395
Georgia,GEO,EUR,2020,1671,329
Georgia,GEO,EUR,2021,1501,291
Georgia,GEO,EUR,2022,1511,267
Georgia,GEO,EUR,2023,1308,189
Georgia,GEO,EUR,2024,1194,150
Germany,DEU,EUR,2013,4193,947
Germany,DEU,EUR,2014,4328,1015
Germany,DEU,EUR,2015,5671,1273
Germany,DEU,EUR,2016,5737,1414
Germany,DEU,EUR,2017,5353,1338
Germany,DEU,EUR,2018,5265,1396
Germany,DEU,EUR,2019,4628,1266
Germany,DEU,EUR,2020,4010,1117
Germany,DEU,EUR,2021,3792,1064
Germany,DEU,EUR,2022,3893,913
Germany,DEU,EUR,2023,4301,968
Germany,DEU,EUR,2024,4230,1001
Ghana,GHA,AFR,2013,15043,1347
Ghana,GHA,AFR,2014,14668,1181
Ghana,GHA,AFR,2015,14460,1212
Ghana,GHA,AFR,2016,14167,1264
Ghana,GHA,AFR,2017,14121,1180
Ghana,GHA,AFR,2018,13874,1165
Ghana,GHA,AFR,2019,14691,1153
Ghana,GHA,AFR,2020,12674,911
Ghana,GHA,AFR,2021,13401,888
Ghana,GHA,AFR,2022,16510,820
Ghana,GHA,AFR,2023,19031,832
Ghana,GHA,AFR,2024,20009,893
Greece,GRC,EUR,2013,494,65
Greece,GRC,EUR,2014,484,79
Greece,GRC,EUR,2015,438,52
Greece,GRC,EUR,2016,407,34
Greece,GRC,EUR,2017,434,53
Greece,GRC,EUR,2018,406,58
Greece,GRC,EUR,2019,434,55
Greece,GRC,EUR,2020,380,46
Greece,GRC,EUR,2021,195,29
Greece,GRC,EUR,2022,302,43
Greece,GRC,EUR,2023,467,52
Greece,GRC,EUR,2024,373,48
Greenland,GRL,EUR,2013,96,10
Greenland,GRL,EUR,2014,87,7
Greenland,GRL,EUR,2015,81,10
Greenland,GRL,EUR,2016,58,4
Greenland,GRL,EUR,2017,57,2
Greenland,GRL,EUR,2018,49,5
Greenland,GRL,EUR,2019,63,1
Greenland,GRL,EUR,2020,74,8
Greenland,GRL,EUR,2021,34,3
Greenland,GRL,EUR,2022,58,7
Greenland,GRL,EUR,2023,49,4
Greenland,GRL,EUR,2024,62,6
Grenada,GRD,AMR,2014,0,0
Grenada,GRD,AMR,2015,5,2
Grenada,GRD,AMR,2016,6,0
Grenada,GRD,AMR,2017,3,0
Grenada,GRD,AMR,2018,2,0
Grenada,GRD,AMR,2019,3,1
Grenada,GRD,AMR,2020,1,0
Grenada,GRD,AMR,2021,2,
Grenada,GRD,AMR,2022,1,0
Grenada,GRD,AMR,2023,5,0
Grenada,GRD,AMR,2024,2,0
Guam,GUM,WPR,2013,48,4
Guam,GUM,WPR,2014,56,3
Guam,GUM,WPR,2015,76,2
Guam,GUM,WPR,2016,75,3
Guam,GUM,WPR,2017,84,3
Guam,GUM,WPR,2018,71,1
Guam,GUM,WPR,2019,79,4
Guam,GUM,WPR,2020,57,5
Guam,GUM,WPR,2021,58,3
Guam,GUM,WPR,2022,59,0
Guam,GUM,WPR,2023,45,3
Guam,GUM,WPR,2024,60,1
Guatemala,GTM,AMR,2013,3311,287
Guatemala,GTM,AMR,2014,3163,352
Guatemala,GTM,AMR,2015,3325,221
Guatemala,GTM,AMR,2016,3223,300
Guatemala,GTM,AMR,2017,3445,193
Guatemala,GTM,AMR,2018,3568,268
Guatemala,GTM,AMR,2019,3716,303
Guatemala,GTM,AMR,2020,2750,205
Guatemala,GTM,AMR,2021,3089,262
Guatemala,GTM,AMR,2022,4092,312
Guatemala,GTM,AMR,2023,4733,369
Guatemala,GTM,AMR,2024,4622,454
Guinea,GIN,AFR,2013,11313,2382
Guinea,GIN,AFR,2014,11734,2478
Guinea,GIN,AFR,2015,12154,2617
Guinea,GIN,AFR,2016,12639,2727
Guinea,GIN,AFR,2017,13752,3154
Guinea,GIN,AFR,2018,14250,2992
Guinea,GIN,AFR,2019,16390,3929
Guinea,GIN,AFR,2020,15612,3802
Guinea,GIN,AFR,2021,18754,4671
Guinea,GIN,AFR,2022,19954,5280
Guinea,GIN,AFR,2023,20055,5657
Guinea,GIN,AFR,2024,18317,4757
Guinea-Bissau,GNB,AFR,2013,2087,87
Guinea-Bissau,GNB,AFR,2014,2282,93
Guinea-Bissau,GNB,AFR,2015,2133,114
Guinea-Bissau,GNB,AFR,2016,2226,100
Guinea-Bissau,GNB,AFR,2017,2226,105
Guinea-Bissau,GNB,AFR,2018,2031,75
Guinea-Bissau,GNB,AFR,2019,2407,74
Guinea-Bissau,GNB,AFR,2020,2543,74
Guinea-Bissau,GNB,AFR,2021,2490,43
Guinea-Bissau,GNB,AFR,2022,2983,80
Guinea-Bissau,GNB,AFR,2023,2652,86
Guinea-Bissau,GNB,AFR,2024,2714,85
Guyana,GUY,AMR,2013,679,59
Guyana,GUY,AMR,2014,545,58
Guyana,GUY,AMR,2015,571,42
Guyana,GUY,AMR,2016,577,38
Guyana,GUY,AMR,2017,524,37
Guyana,GUY,AMR,2018,516,35
Guyana,GUY,AMR,2019,497,42
Guyana,GUY,AMR,2020,366,32
Guyana,GUY,AMR,2021,414,34
Guyana,GUY,AMR,2022,390,23
Guyana,GUY,AMR,2023,424,26
Guyana,GUY,AMR,2024,427,27
Haiti,HTI,AMR,2013,17040,1995
Haiti,HTI,AMR,2014,15806,1541
Haiti,HTI,AMR,2015,16234,1563
Haiti,HTI,AMR,2016,15302,1510
Haiti,HTI,AMR,2017,14966,1584
Haiti,HTI,AMR,2018,13383,1311
Haiti,HTI,AMR,2019,13019,1208
Haiti,HTI,AMR,2020,11273,1130
Haiti,HTI,AMR,2021,10407,893
Haiti,HTI,AMR,2022,11138,942
Haiti,HTI,AMR,2023,11714,879
Haiti,HTI,AMR,2024,11161,682
Honduras,HND,AMR,2013,2981,356
Honduras,HND,AMR,2014,2789,406
Honduras,HND,AMR,2015,2906,324
Honduras,HND,AMR,2016,2886,340
Honduras,HND,AMR,2017,2798,298
Honduras,HND,AMR,2018,2838,296
Honduras,HND,AMR,2019,2424,215
Honduras,HND,AMR,2020,1847,122
Honduras,HND,AMR,2021,2063,163
Honduras,HND,AMR,2022,2297,193
Honduras,HND,AMR,2023,2616,200
Honduras,HND,AMR,2024,2642,257
Hungary,HUN,EUR,2013,1040,46
Hungary,HUN,EUR,2014,799,26
Hungary,HUN,EUR,2015,858,22
Hungary,HUN,EUR,2016,737,26
Hungary,HUN,EUR,2017,650,24
Hungary,HUN,EUR,2018,602,19
Hungary,HUN,EUR,2019,528,16
Hungary,HUN,EUR,2020,384,17
Hungary,HUN,EUR,2021,314,13
Hungary,HUN,EUR,2022,435,10
Hungary,HUN,EUR,2023,493,13
Hungary,HUN,EUR,2024,423,9
Iceland,ISL,EUR,2013,11,7
Iceland,ISL,EUR,2014,8,2
Iceland,ISL,EUR,2015,7,2
Iceland,ISL,EUR,2016,6,0
Iceland,ISL,EUR,2017,13,2
Iceland,ISL,EUR,2018,8,2
Iceland,ISL,EUR,2019,13,6
Iceland,ISL,EUR,2020,12,3
Iceland,ISL,EUR,2021,7,1
Iceland,ISL,EUR,2022,16,7
Iceland,ISL,EUR,2023,14,4
Iceland,ISL,EUR,2024,8,1
India,IND,SEA,2013,1243905,226557
India,IND,SEA,2014,1609547,275502
India,IND,SEA,2015,1667136,298831
India,IND,SEA,2016,1763876,281162
India,IND,SEA,2017,1649694,276786
India,IND,SEA,2018,1908683,380904
India,IND,SEA,2019,2162323,476051
India,IND,SEA,2020,1629301,471000
India,IND,SEA,2021,1965444,478296
India,IND,SEA,2022,2255641,554114
India,IND,SEA,2023,2382714,581503
India,IND,SEA,2024,2498584,641755
Indonesia,IDN,WPR,2013,325582,17420
Indonesia,IDN,WPR,2014,322806,19653
Indonesia,IDN,WPR,2015,331703,25034
Indonesia,IDN,WPR,2016,364671,30387
Indonesia,IDN,WPR,2017,442172,42532
Indonesia,IDN,WPR,2018,568865,74682
Indonesia,IDN,WPR,2019,559847,57234
Indonesia,IDN,WPR,2020,384025,34874
Indonesia,IDN,WPR,2021,432577,35353
Indonesia,IDN,WPR,2022,708658,52796
Indonesia,IDN,WPR,2023,804836,64233
Indonesia,IDN,WPR,2024,839018,66004
Iran (Islamic Republic of),IRN,EMR,2013,11052,3113
Iran (Islamic Republic of),IRN,EMR,2014,10191,2869
Iran (Islamic Republic of),IRN,EMR,2015,10215,2838
Iran (Islamic Republic of),IRN,EMR,2016,9252,2578
Iran (Islamic Republic of),IRN,EMR,2017,9051,2431
Iran (Islamic Republic of),IRN,EMR,2018,8906,2174
Iran (Islamic Republic of),IRN,EMR,2019,8524,2055
Iran (Islamic Republic of),IRN,EMR,2020,5993,1501
Iran (Islamic Republic of),IRN,EMR,2021,6199,1380
Iran (Islamic Republic of),IRN,EMR,2022,7261,1492
Iran (Islamic Republic of),IRN,EMR,2023,7425,1407
Iran (Islamic Republic of),IRN,EMR,2024,7033,1379
Iraq,IRQ,EMR,2013,8554,3274
Iraq,IRQ,EMR,2014,8268,3069
Iraq,IRQ,EMR,2015,8183,3050
Iraq,IRQ,EMR,2016,7246,2812
Iraq,IRQ,EMR,2017,7644,3206
Iraq,IRQ,EMR,2018,7104,3166
Iraq,IRQ,EMR,2019,6616,3017
Iraq,IRQ,EMR,2020,4987,2265
Iraq,IRQ,EMR,2021,5801,2530
Iraq,IRQ,EMR,2022,6643,2885
Iraq,IRQ,EMR,2023,6945,3089
Iraq,IRQ,EMR,2024,6454,3121
Ireland,IRL,EUR,2013,356,123
Ireland,IRL,EUR,2014,297,113
Ireland,IRL,EUR,2015,295,98
Ireland,IRL,EUR,2016,293,90
Ireland,IRL,EUR,2017,301,89
Ireland,IRL,EUR,2018,294,79
Ireland,IRL,EUR,2019,247,61
Ireland,IRL,EUR,2020,229,51
Ireland,IRL,EUR,2021,210,56
Ireland,IRL,EUR,2022,197,48
Ireland,IRL,EUR,2023,207,67
Ireland,IRL,EUR,2024,268,100
Israel,ISR,EUR,2013,308,81
Israel,ISR,EUR,2014,361,97
Israel,ISR,EUR,2015,283,78
Israel,ISR,EUR,2016,250,64
Israel,ISR,EUR,2017,234,63
Israel,ISR,EUR,2018,292,67
Israel,ISR,EUR,2019,215,58
Israel,ISR,EUR,2020,157,45
Israel,ISR,EUR,2021,211,75
Israel,ISR,EUR,2022,207,60
Israel,ISR,EUR,2023,223,63
Israel,ISR,EUR,2024,196,39
Italy,ITA,EUR,2013,3019,688
Italy,ITA,EUR,2015,3476,956
Italy,ITA,EUR,2016,3778,1168
Italy,ITA,EUR,2017,3828,1143
Italy,ITA,EUR,2018,3777,1110
Italy,ITA,EUR,2019,3185,710
Italy,ITA,EUR,2020,2163,624
Italy,ITA,EUR,2021,2378,622
Italy,ITA,EUR,2022,2294,730
Italy,ITA,EUR,2023,2707,704
Italy,ITA,EUR,2024,2987,912
Jamaica,JAM,AMR,2013,96,7
Jamaica,JAM,AMR,2014,86,6
Jamaica,JAM,AMR,2015,103,2
Jamaica,JAM,AMR,2016,103,0
Jamaica,JAM,AMR,2017,121,6
Jamaica,JAM,AMR,2018,82,4
Jamaica,JAM,AMR,2019,75,2
Jamaica,JAM,AMR,2020,61,1
Jamaica,JAM,AMR,2021,57,4
Jamaica,JAM,AMR,2022,83,0
Jamaica,JAM,AMR,2023,90,4
Jamaica,JAM,AMR,2024,48,5
Japan,JPN,WPR,2013,20495,4274
Japan,JPN,WPR,2014,19615,4255
Japan,JPN,WPR,2015,18280,3976
Japan,JPN,WPR,2016,17625,3844
Japan,JPN,WPR,2017,16789,3599
Japan,JPN,WPR,2018,15590,3400
Japan,JPN,WPR,2019,14460,3241
Japan,JPN,WPR,2020,12739,3171
Japan,JPN,WPR,2021,11519,2988
Japan,JPN,WPR,2022,10235,2699
Japan,JPN,WPR,2023,10096,2487
Japan,JPN,WPR,2024,10051,2510
Jordan,JOR,EMR,2013,348,151
Jordan,JOR,EMR,2014,385,161
Jordan,JOR,EMR,2015,424,153
Jordan,JOR,EMR,2016,416,143
Jordan,JOR,EMR,2017,526,126
Jordan,JOR,EMR,2018,396,114
Jordan,JOR,EMR,2019,446,113
Jordan,JOR,EMR,2020,250,80
Jordan,JOR,EMR,2021,219,114
Jordan,JOR,EMR,2022,227,111
Jordan,JOR,EMR,2023,251,131
Jordan,JOR,EMR,2024,271,102
Kazakhstan,KAZ,EUR,2013,18958,1637
Kazakhstan,KAZ,EUR,2014,15244,1571
Kazakhstan,KAZ,EUR,2015,14006,1447
Kazakhstan,KAZ,EUR,2016,12322,1203
Kazakhstan,KAZ,EUR,2017,12449,1284
Kazakhstan,KAZ,EUR,2018,12832,1089
Kazakhstan,KAZ,EUR,2019,12501,1125
Kazakhstan,KAZ,EUR,2020,9603,883
Kazakhstan,KAZ,EUR,2021,9757,437
Kazakhstan,KAZ,EUR,2022,10009,906
Kazakhstan,KAZ,EUR,2023,9506,803
Kazakhstan,KAZ,EUR,2024,9133,816
Kenya,KEN,AFR,2013,89796,14478
Kenya,KEN,AFR,2014,88025,14640
Kenya,KEN,AFR,2015,81292,13690
Kenya,KEN,AFR,2016,76335,12672
Kenya,KEN,AFR,2017,83599,13011
Kenya,KEN,AFR,2018,94534,13338
Kenya,KEN,AFR,2019,84345,11724
Kenya,KEN,AFR,2020,71060,9791
Kenya,KEN,AFR,2021,76010,9606
Kenya,KEN,AFR,2022,88690,10379
Kenya,KEN,AFR,2023,94653,11806
Kenya,KEN,AFR,2024,94833,13901
Kiribati,KIR,WPR,2013,407,85
Kiribati,KIR,WPR,2014,414,55
Kiribati,KIR,WPR,2015,496,71
Kiribati,KIR,WPR,2016,518,114
Kiribati,KIR,WPR,2017,385,67
Kiribati,KIR,WPR,2018,323,78
Kiribati,KIR,WPR,2019,410,138
Kiribati,KIR,WPR,2020,385,138
Kiribati,KIR,WPR,2021,330,91
Kiribati,KIR,WPR,2022,360,100
Kiribati,KIR,WPR,2023,565,177
Kiribati,KIR,WPR,2024,597,154
Kuwait,KWT,EMR,2013,704,216
Kuwait,KWT,EMR,2014,734,237
Kuwait,KWT,EMR,2015,748,188
Kuwait,KWT,EMR,2016,837,191
Kuwait,KWT,EMR,2017,986,205
Kuwait,KWT,EMR,2018,820,211
Kuwait,KWT,EMR,2019,791,161
Kuwait,KWT,EMR,2020,691,220
Kuwait,KWT,EMR,2021,736,255
Kuwait,KWT,EMR,2022,449,139
Kuwait,KWT,EMR,2023,410,142
Kuwait,KWT,EMR,2024,398,93
Kyrgyzstan,KGZ,EUR,2013,7075,1674
Kyrgyzstan,KGZ,EUR,2014,6390,1624
Kyrgyzstan,KGZ,EUR,2015,7027,1689
Kyrgyzstan,KGZ,EUR,2016,7026,1399
Kyrgyzstan,KGZ,EUR,2017,6687,1485
Kyrgyzstan,KGZ,EUR,2018,6338,1264
Kyrgyzstan,KGZ,EUR,2019,6138,1260
Kyrgyzstan,KGZ,EUR,2020,4241,809
Kyrgyzstan,KGZ,EUR,2021,4596,942
Kyrgyzstan,KGZ,EUR,2022,4568,827
Kyrgyzstan,KGZ,EUR,2023,4183,750
Kyrgyzstan,KGZ,EUR,2024,3989,706
Lao People's Democratic Republic,LAO,WPR,2013,4130,392
Lao People's Democratic Republic,LAO,WPR,2014,4396,408
Lao People's Democratic Republic,LAO,WPR,2015,4534,406
Lao People's Democratic Republic,LAO,WPR,2016,4981,420
Lao People's Democratic Republic,LAO,WPR,2017,5730,407
Lao People's Democratic Republic,LAO,WPR,2018,6548,523
Lao People's Democratic Republic,LAO,WPR,2019,6816,486
Lao People's Democratic Republic,LAO,WPR,2020,8013,497
Lao People's Democratic Republic,LAO,WPR,2021,6171,383
Lao People's Democratic Republic,LAO,WPR,2022,8702,476
Lao People's Democratic Republic,LAO,WPR,2023,9124,428
Lao People's Democratic Republic,LAO,WPR,2024,8965,469
Latvia,LVA,EUR,2013,872,85
Latvia,LVA,EUR,2014,738,53
Latvia,LVA,EUR,2015,697,46
Latvia,LVA,EUR,2016,641,39
Latvia,LVA,EUR,2017,543,28
Latvia,LVA,EUR,2021,255,15
Latvia,LVA,EUR,2022,306,17
Latvia,LVA,EUR,2024,281,2
Lebanon,LBN,EMR,2013,689,291
Lebanon,LBN,EMR,2014,673,238
Lebanon,LBN,EMR,2015,656,263
Lebanon,LBN,EMR,2016,646,258
Lebanon,LBN,EMR,2017,618,223
Lebanon,LBN,EMR,2018,656,249
Lebanon,LBN,EMR,2019,757,248
Lebanon,LBN,EMR,2020,658,228
Lebanon,LBN,EMR,2021,471,191
Lebanon,LBN,EMR,2022,510,203
Lebanon,LBN,EMR,2023,505,154
Lebanon,LBN,EMR,2024,532,189
Lesotho,LSO,AFR,2013,9555,1568
Lesotho,LSO,AFR,2014,8840,1363
Lesotho,LSO,AFR,2015,7594,1008
Lesotho,LSO,AFR,2016,7352,774
Lesotho,LSO,AFR,2017,7117,712
Lesotho,LSO,AFR,2018,7111,628
Lesotho,LSO,AFR,2019,7059,566
Lesotho,LSO,AFR,2020,4565,382
Lesotho,LSO,AFR,2021,4490,333
Lesotho,LSO,AFR,2022,5599,393
Lesotho,LSO,AFR,2023,6495,380
Lesotho,LSO,AFR,2024,6575,324
Liberia,LBR,AFR,2013,7511,1917
Liberia,LBR,AFR,2014,5035,1304
Liberia,LBR,AFR,2015,5814,1295
Liberia,LBR,AFR,2016,7105,2214
Liberia,LBR,AFR,2017,7691,2437
Liberia,LBR,AFR,2018,7808,2631
Liberia,LBR,AFR,2019,8288,3000
Liberia,LBR,AFR,2020,6958,1982
Liberia,LBR,AFR,2021,7327,1999
Liberia,LBR,AFR,2022,7073,1581
Liberia,LBR,AFR,2023,7383,1321
Liberia,LBR,AFR,2024,8014,1548
Libya,LBY,EMR,2013,1344,449
Libya,LBY,EMR,2014,1153,384
Libya,LBY,EMR,2015,966,358
Libya,LBY,EMR,2016,1131,417
Libya,LBY,EMR,2017,1363,554
Libya,LBY,EMR,2018,1815,711
Libya,LBY,EMR,2019,2215,958
Libya,LBY,EMR,2020,1748,717
Libya,LBY,EMR,2021,1944,836
Libya,LBY,EMR,2022,2168,863
Libya,LBY,EMR,2023,2318,834
Libya,LBY,EMR,2024,2712,1008
Lithuania,LTU,EUR,2013,1573,134
Lithuania,LTU,EUR,2014,1481,109
Lithuania,LTU,EUR,2015,1395,133
Lithuania,LTU,EUR,2016,1347,114
Lithuania,LTU,EUR,2017,1268,99
Lithuania,LTU,EUR,2018,1063,75
Lithuania,LTU,EUR,2019,1006,73
Lithuania,LTU,EUR,2020,688,49
Lithuania,LTU,EUR,2021,628,52
Lithuania,LTU,EUR,2022,724,53
Lithuania,LTU,EUR,2023,707,78
Lithuania,LTU,EUR,2024,650,49
Luxembourg,LUX,EUR,2013,38,6
Luxembourg,LUX,EUR,2014,24,8
Luxembourg,LUX,EUR,2015,30,6
Luxembourg,LUX,EUR,2016,29,5
Luxembourg,LUX,EUR,2017,32,8
Luxembourg,LUX,EUR,2018,42,10
Luxembourg,LUX,EUR,2019,48,9
Luxembourg,LUX,EUR,2020,32,8
Luxembourg,LUX,EUR,2021,34,6
Luxembourg,LUX,EUR,2022,47,14
Luxembourg,LUX,EUR,2023,42,12
Luxembourg,LUX,EUR,2024,48,18
Madagascar,MDG,AFR,2013,26561,5231
Madagascar,MDG,AFR,2014,28466,5658
Madagascar,MDG,AFR,2015,29464,6120
Madagascar,MDG,AFR,2016,29274,6053
Madagascar,MDG,AFR,2017,31370,6288
Madagascar,MDG,AFR,2018,33786,6854
Madagascar,MDG,AFR,2019,37220,7359
Madagascar,MDG,AFR,2020,36122,7261
Madagascar,MDG,AFR,2021,40031,7579
Madagascar,MDG,AFR,2022,45245,9229
Madagascar,MDG,AFR,2023,46420,9298
Madagascar,MDG,AFR,2024,50621,10313
Malawi,MWI,AFR,2013,17779,4308
Malawi,MWI,AFR,2014,16267,4567
Malawi,MWI,AFR,2015,15737,4011
Malawi,MWI,AFR,2016,15516,4093
Malawi,MWI,AFR,2017,16512,4493
Malawi,MWI,AFR,2018,15632,4930
Malawi,MWI,AFR,2019,16902,5044
Malawi,MWI,AFR,2020,15133,4223
Malawi,MWI,AFR,2021,14385,4308
Malawi,MWI,AFR,2022,18025,6210
Malawi,MWI,AFR,2023,18784,5868
Malawi,MWI,AFR,2024,18021,4928
Malaysia,MYS,WPR,2013,23417,3046
Malaysia,MYS,WPR,2014,24054,3055
Malaysia,MYS,WPR,2015,23565,3046
Malaysia,MYS,WPR,2016,25005,3236
Malaysia,MYS,WPR,2017,25464,3683
Malaysia,MYS,WPR,2018,25173,3546
Malaysia,MYS,WPR,2019,25565,3589
Malaysia,MYS,WPR,2020,22973,3479
Malaysia,MYS,WPR,2021,21186,3364
Malaysia,MYS,WPR,2022,24795,3404
Malaysia,MYS,WPR,2023,26149,3506
Malaysia,MYS,WPR,2024,26183,3624
Maldives,MDV,SEA,2013,114,33
Maldives,MDV,SEA,2014,126,74
Maldives,MDV,SEA,2015,153,41
Maldives,MDV,SEA,2016,169,91
Maldives,MDV,SEA,2017,136,38
Maldives,MDV,SEA,2018,138,33
Maldives,MDV,SEA,2019,154,37
Maldives,MDV,SEA,2020,107,38
Maldives,MDV,SEA,2021,87,39
Maldives,MDV,SEA,2022,111,74
Maldives,MDV,SEA,2023,117,40
Maldives,MDV,SEA,2024,130,38
Mali,MLI,AFR,2013,5810,1312
Mali,MLI,AFR,2014,5809,1208
Mali,MLI,AFR,2015,6732,1244
Mali,MLI,AFR,2016,6776,1280
Mali,MLI,AFR,2017,6388,1189
Mali,MLI,AFR,2018,6889,1278
Mali,MLI,AFR,2019,6912,1156
Mali,MLI,AFR,2020,6922,1120
Mali,MLI,AFR,2021,7285,1346
Mali,MLI,AFR,2022,7897,1421
Mali,MLI,AFR,2023,8266,1477
Mali,MLI,AFR,2024,8632,1355
Malta,MLT,EUR,2013,50,12
Malta,MLT,EUR,2014,45,12
Malta,MLT,EUR,2015,32,12
Malta,MLT,EUR,2016,50,13
Malta,MLT,EUR,2017,42,12
Malta,MLT,EUR,2018,55,16
Malta,MLT,EUR,2019,98,22
Malta,MLT,EUR,2020,140,41
Malta,MLT,EUR,2021,54,13
Malta,MLT,EUR,2022,60,15
Malta,MLT,EUR,2023,68,19
Malta,MLT,EUR,2024,60,0
Marshall Islands,MHL,WPR,2013,149,28
Marshall Islands,MHL,WPR,2014,142,37
Marshall Islands,MHL,WPR,2015,138,26
Marshall Islands,MHL,WPR,2016,179,39
Marshall Islands,MHL,WPR,2017,204,48
Marshall Islands,MHL,WPR,2018,429,40
Marshall Islands,MHL,WPR,2019,227,39
Marshall Islands,MHL,WPR,2020,147,29
Marshall Islands,MHL,WPR,2021,118,31
Marshall Islands,MHL,WPR,2022,102,30
Marshall Islands,MHL,WPR,2023,215,81
Marshall Islands,MHL,WPR,2024,92,27
Mauritania,MRT,AFR,2013,2223,524
Mauritania,MRT,AFR,2014,2420,588
Mauritania,MRT,AFR,2015,2166,536
Mauritania,MRT,AFR,2016,2359,702
Mauritania,MRT,AFR,2017,2458,631
Mauritania,MRT,AFR,2018,2403,623
Mauritania,MRT,AFR,2019,2492,694
Mauritania,MRT,AFR,2020,2343,495
Mauritania,MRT,AFR,2021,2438,697
Mauritania,MRT,AFR,2022,2463,712
Mauritania,MRT,AFR,2023,2440,664
Mauritius,MUS,AFR,2013,130,6
Mauritius,MUS,AFR,2014,126,10
Mauritius,MUS,AFR,2015,128,7
Mauritius,MUS,AFR,2016,121,8
Mauritius,MUS,AFR,2017,118,9
Mauritius,MUS,AFR,2018,131,10
Mauritius,MUS,AFR,2019,119,8
Mauritius,MUS,AFR,2020,101,16
Mauritius,MUS,AFR,2021,91,5
Mauritius,MUS,AFR,2022,120,4
Mauritius,MUS,AFR,2023,103,4
Mauritius,MUS,AFR,2024,104,3
Mexico,MEX,AMR,2013,20708,3623
Mexico,MEX,AMR,2014,21196,3892
Mexico,MEX,AMR,2015,21600,4099
Mexico,MEX,AMR,2016,22193,4271
Mexico,MEX,AMR,2017,22757,4593
Mexico,MEX,AMR,2018,23271,4575
Mexico,MEX,AMR,2019,23702,4474
Mexico,MEX,AMR,2020,17603,3550
Mexico,MEX,AMR,2021,21651,4385
Mexico,MEX,AMR,2022,25449,4631
Mexico,MEX,AMR,2023,27030,4863
Mexico,MEX,AMR,2024,27627,5021
Micronesia (Federated States of),FSM,WPR,2014,188,26
Micronesia (Federated States of),FSM,WPR,2015,104,15
Micronesia (Federated States of),FSM,WPR,2016,149,18
Micronesia (Federated States of),FSM,WPR,2017,139,23
Micronesia (Federated States of),FSM,WPR,2018,97,17
Micronesia (Federated States of),FSM,WPR,2019,91,12
Micronesia (Federated States of),FSM,WPR,2020,92,9
Micronesia (Federated States of),FSM,WPR,2021,72,8
Micronesia (Federated States of),FSM,WPR,2022,48,7
Micronesia (Federated States of),FSM,WPR,2023,211,4
Micronesia (Federated States of),FSM,WPR,2024,141,14
Monaco,MCO,EUR,2014,0,0
Monaco,MCO,EUR,2015,0,0
Monaco,MCO,EUR,2016,2,2
Monaco,MCO,EUR,2017,0,0
Monaco,MCO,EUR,2018,1,0
Monaco,MCO,EUR,2019,0,0
Monaco,MCO,EUR,2020,0,0
Monaco,MCO,EUR,2021,0,0
Mongolia,MNG,WPR,2013,4331,1756
Mongolia,MNG,WPR,2014,4483,1705
Mongolia,MNG,WPR,2015,4685,1909
Mongolia,MNG,WPR,2016,4425,1914
Mongolia,MNG,WPR,2017,4220,1699
Mongolia,MNG,WPR,2018,3880,1394
Mongolia,MNG,WPR,2019,4277,1405
Mongolia,MNG,WPR,2020,3861,1321
Mongolia,MNG,WPR,2021,2709,923
Mongolia,MNG,WPR,2022,2803,655
Mongolia,MNG,WPR,2023,2998,699
Mongolia,MNG,WPR,2024,2832,682
Montenegro,MNE,EUR,2013,119,8
Montenegro,MNE,EUR,2014,113,13
Montenegro,MNE,EUR,2015,80,3
Montenegro,MNE,EUR,2016,87,9
Montenegro,MNE,EUR,2017,75,5
Montenegro,MNE,EUR,2018,84,10
Montenegro,MNE,EUR,2019,80,6
Montenegro,MNE,EUR,2020,40,2
Montenegro,MNE,EUR,2021,80,9
Montenegro,MNE,EUR,2022,71,7
Montenegro,MNE,EUR,2023,62,1
Montenegro,MNE,EUR,2024,58,2
Montserrat,MSR,AMR,2013,0,0
Montserrat,MSR,AMR,2014,0,0
Montserrat,MSR,AMR,2015,0,0
Montserrat,MSR,AMR,2016,0,0
Montserrat,MSR,AMR,2017,0,0
Montserrat,MSR,AMR,2018,0,0
Montserrat,MSR,AMR,2019,0,0
Morocco,MAR,EMR,2013,29126,13145
Morocco,MAR,EMR,2014,29992,13478
Morocco,MAR,EMR,2015,30636,13853
Morocco,MAR,EMR,2016,31542,14170
Morocco,MAR,EMR,2017,30897,14341
Morocco,MAR,EMR,2018,30977,14294
Morocco,MAR,EMR,2019,30762,14269
Morocco,MAR,EMR,2020,29018,13897
Morocco,MAR,EMR,2021,29327,13401
Morocco,MAR,EMR,2022,30503,13848
Morocco,MAR,EMR,2023,32429,14578
Morocco,MAR,EMR,2024,33036,15673
Mozambique,MOZ,AFR,2013,53272,5523
Mozambique,MOZ,AFR,2014,57773,6276
Mozambique,MOZ,AFR,2015,58344,6368
Mozambique,MOZ,AFR,2016,71842,6526
Mozambique,MOZ,AFR,2017,85376,5803
Mozambique,MOZ,AFR,2018,92381,5777
Mozambique,MOZ,AFR,2019,96024,5405
Mozambique,MOZ,AFR,2020,96203,4613
Mozambique,MOZ,AFR,2021,97921,3753
Mozambique,MOZ,AFR,2022,110084,3471
Mozambique,MOZ,AFR,2023,116317,2925
Mozambique,MOZ,AFR,2024,106721,2442
Myanmar,MMR,SEA,2013,134855,16887
Myanmar,MMR,SEA,2014,138352,16108
Myanmar,MMR,SEA,2015,138447,15565
Myanmar,MMR,SEA,2016,137551,15011
Myanmar,MMR,SEA,2017,130418,12126
Myanmar,MMR,SEA,2018,137972,11655
Myanmar,MMR,SEA,2019,134501,11102
Myanmar,MMR,SEA,2020,103373,9632
Myanmar,MMR,SEA,2021,64410,5342
Myanmar,MMR,SEA,2022,118311,9267
Myanmar,MMR,SEA,2023,129122,10138
Myanmar,MMR,SEA,2024,114359,9473
Namibia,NAM,AFR,2013,9597,1846
Namibia,NAM,AFR,2014,9114,1561
Namibia,NAM,AFR,2015,9614,1470
Namibia,NAM,AFR,2016,8857,1448
Namibia,NAM,AFR,2017,8575,1386
Namibia,NAM,AFR,2018,7808,1325
Namibia,NAM,AFR,2019,7801,1383
Namibia,NAM,AFR,2020,6509,976
Namibia,NAM,AFR,2021,6703,814
Namibia,NAM,AFR,2022,8620,1086
Namibia,NAM,AFR,2023,9250,1112
Namibia,NAM,AFR,2024,8457,942
Nauru,NRU,WPR,2014,8,1
Nauru,NRU,WPR,2015,10,2
Nauru,NRU,WPR,2016,10,3
Nauru,NRU,WPR,2017,9,1
Nauru,NRU,WPR,2018,5,0
Nauru,NRU,WPR,2019,17,2
Nauru,NRU,WPR,2020,13,1
Nauru,NRU,WPR,2021,21,3
Nauru,NRU,WPR,2022,19,0
Nauru,NRU,WPR,2023,18,6
Nepal,NPL,SEA,2013,33834,8140
Nepal,NPL,SEA,2014,35277,8583
Nepal,NPL,SEA,2015,33199,8583
Nepal,NPL,SEA,2016,31371,8358
Nepal,NPL,SEA,2017,31064,8741
Nepal,NPL,SEA,2018,31855,9110
Nepal,NPL,SEA,2019,31495,8971
Nepal,NPL,SEA,2020,27282,8466
Nepal,NPL,SEA,2021,28252,8173
Nepal,NPL,SEA,2022,37351,10212
Nepal,NPL,SEA,2023,36881,9910
Nepal,NPL,SEA,2024,40195,10655
Netherlands (Kingdom of the),NLD,EUR,2013,832,379
Netherlands (Kingdom of the),NLD,EUR,2014,814,363
Netherlands (Kingdom of the),NLD,EUR,2015,850,363
Netherlands (Kingdom of the),NLD,EUR,2016,877,396
Netherlands (Kingdom of the),NLD,EUR,2017,776,319
Netherlands (Kingdom of the),NLD,EUR,2018,791,330
Netherlands (Kingdom of the),NLD,EUR,2019,746,308
Netherlands (Kingdom of the),NLD,EUR,2020,614,268
Netherlands (Kingdom of the),NLD,EUR,2021,671,282
Netherlands (Kingdom of the),NLD,EUR,2022,625,252
Netherlands (Kingdom of the),NLD,EUR,2023,710,240
Netherlands (Kingdom of the),NLD,EUR,2024,750,301
New Caledonia,NCL,WPR,2014,29,12
New Caledonia,NCL,WPR,2015,56,11
New Caledonia,NCL,WPR,2016,38,12
New Caledonia,NCL,WPR,2017,34,9
New Caledonia,NCL,WPR,2018,37,11
New Caledonia,NCL,WPR,2019,23,7
New Caledonia,NCL,WPR,2020,42,18
New Caledonia,NCL,WPR,2021,25,9
New Caledonia,NCL,WPR,2023,32,12
New Caledonia,NCL,WPR,2024,34,11
New Zealand,NZL,WPR,2013,272,125
New Zealand,NZL,WPR,2014,297,111
New Zealand,NZL,WPR,2015,292,132
New Zealand,NZL,WPR,2016,295,127
New Zealand,NZL,WPR,2017,302,130
New Zealand,NZL,WPR,2018,302,130
New Zealand,NZL,WPR,2019,311,124
New Zealand,NZL,WPR,2020,316,160
New Zealand,NZL,WPR,2021,302,152
New Zealand,NZL,WPR,2022,267,103
New Zealand,NZL,WPR,2023,297,139
New Zealand,NZL,WPR,2024,352,149
Nicaragua,NIC,AMR,2013,2742,357
Nicaragua,NIC,AMR,2014,2632,338
Nicaragua,NIC,AMR,2015,2465,324
Nicaragua,NIC,AMR,2016,2339,267
Nicaragua,NIC,AMR,2017,2255,267
Nicaragua,NIC,AMR,2018,2109,218
Nicaragua,NIC,AMR,2019,2248,224
Nicaragua,NIC,AMR,2020,1886,175
Nicaragua,NIC,AMR,2021,1836,144
Nicaragua,NIC,AMR,2022,2102,164
Nicaragua,NIC,AMR,2023,2122,195
Niger,NER,AFR,2013,11251,1615
Niger,NER,AFR,2014,10851,1710
Niger,NER,AFR,2015,10383,1537
Niger,NER,AFR,2016,9921,1337
Niger,NER,AFR,2017,10418,1371
Niger,NER,AFR,2018,10639,1367
Niger,NER,AFR,2019,11485,1452
Niger,NER,AFR,2020,11376,1310
Niger,NER,AFR,2021,12786,1456
Niger,NER,AFR,2022,14223,1755
Niger,NER,AFR,2023,15483,1689
Niger,NER,AFR,2024,16443,1696
Nigeria,NGA,AFR,2013,94825,5313
Nigeria,NGA,AFR,2014,86464,4764
Nigeria,NGA,AFR,2015,87211,4896
Nigeria,NGA,AFR,2016,97279,5131
Nigeria,NGA,AFR,2017,102387,4546
Nigeria,NGA,AFR,2018,103921,4227
Nigeria,NGA,AFR,2019,117320,4173
Nigeria,NGA,AFR,2020,135784,3604
Nigeria,NGA,AFR,2021,204725,3539
Nigeria,NGA,AFR,2022,282184,3471
Nigeria,NGA,AFR,2023,367250,3147
Nigeria,NGA,AFR,2024,402051,3821
Niue,NIU,WPR,2013,0,0
Niue,NIU,WPR,2014,0,0
Niue,NIU,WPR,2015,0,0
Niue,NIU,WPR,2017,0,0
Niue,NIU,WPR,2018,2,0
Niue,NIU,WPR,2019,0,0
Niue,NIU,WPR,2020,1,0
Niue,NIU,WPR,2021,0,0
Niue,NIU,WPR,2022,0,0
Niue,NIU,WPR,2023,0,0
Niue,NIU,WPR,2024,1,0
North Macedonia,MKD,EUR,2013,318,65
North Macedonia,MKD,EUR,2014,284,64
North Macedonia,MKD,EUR,2015,282,57
North Macedonia,MKD,EUR,2016,263,50
North Macedonia,MKD,EUR,2017,216,44
North Macedonia,MKD,EUR,2018,217,52
North Macedonia,MKD,EUR,2019,199,35
North Macedonia,MKD,EUR,2020,143,19
North Macedonia,MKD,EUR,2021,143,15
North Macedonia,MKD,EUR,2022,144,17
North Macedonia,MKD,EUR,2023,157,22
North Macedonia,MKD,EUR,2024,156,22
Northern Mariana Islands,MNP,WPR,2013,33,1
Northern Mariana Islands,MNP,WPR,2014,26,0
Northern Mariana Islands,MNP,WPR,2015,28,2
Northern Mariana Islands,MNP,WPR,2016,28,0
Northern Mariana Islands,MNP,WPR,2017,41,4
Northern Mariana Islands,MNP,WPR,2018,47,3
Northern Mariana Islands,MNP,WPR,2019,51,6
Northern Mariana Islands,MNP,WPR,2020,41,2
Northern Mariana Islands,MNP,WPR,2021,35,1
Northern Mariana Islands,MNP,WPR,2022,23,0
Northern Mariana Islands,MNP,WPR,2023,22,2
Northern Mariana Islands,MNP,WPR,2024,10,0
Norway,NOR,EUR,2013,362,134
Norway,NOR,EUR,2014,303,31
Norway,NOR,EUR,2015,286,85
Norway,NOR,EUR,2016,278,104
Norway,NOR,EUR,2017,237,88
Norway,NOR,EUR,2018,189,75
Norway,NOR,EUR,2019,153,53
Norway,NOR,EUR,2020,144,55
Norway,NOR,EUR,2021,140,65
Norway,NOR,EUR,2022,152,49
Norway,NOR,EUR,2023,136,33
Norway,NOR,EUR,2024,160,49
"occupied Palestinian territory, including east Jerusalem",PSE,EMR,2014,43,8
"occupied Palestinian territory, including east Jerusalem",PSE,EMR,2015,41,12
"occupied Palestinian territory, including east Jerusalem",PSE,EMR,2016,36,0
"occupied Palestinian territory, including east Jerusalem",PSE,EMR,2017,29,0
"occupied Palestinian territory, including east Jerusalem",PSE,EMR,2018,30,12
"occupied Palestinian territory, including east Jerusalem",PSE,EMR,2019,21,8
"occupied Palestinian territory, including east Jerusalem",PSE,EMR,2020,26,11
"occupied Palestinian territory, including east Jerusalem",PSE,EMR,2021,25,9
"occupied Palestinian territory, including east Jerusalem",PSE,EMR,2022,21,6
"occupied Palestinian territory, including east Jerusalem",PSE,EMR,2023,15,3
"occupied Palestinian territory, including east Jerusalem",PSE,EMR,2024,11,5
Oman,OMN,EMR,2013,330,101
Oman,OMN,EMR,2014,358,116
Oman,OMN,EMR,2015,328,108
Oman,OMN,EMR,2016,345,122
Oman,OMN,EMR,2017,270,73
Oman,OMN,EMR,2018,246,63
Oman,OMN,EMR,2019,368,58
Oman,OMN,EMR,2020,313,64
Oman,OMN,EMR,2021,231,54
Oman,OMN,EMR,2022,369,50
Oman,OMN,EMR,2023,489,32
Oman,OMN,EMR,2024,418,47
Pakistan,PAK,EMR,2013,288910,52646
Pakistan,PAK,EMR,2014,308417,57463
Pakistan,PAK,EMR,2015,323856,60128
Pakistan,PAK,EMR,2016,356390,70443
Pakistan,PAK,EMR,2017,359224,69729
Pakistan,PAK,EMR,2018,360472,69604
Pakistan,PAK,EMR,2019,328312,62121
Pakistan,PAK,EMR,2020,272990,50170
Pakistan,PAK,EMR,2021,339256,59707
Pakistan,PAK,EMR,2022,424601,74736
Pakistan,PAK,EMR,2023,475761,87453
Pakistan,PAK,EMR,2024,497720,95375
Palau,PLW,WPR,2013,8,1
Palau,PLW,WPR,2014,14,3
Palau,PLW,WPR,2015,14,2
Palau,PLW,WPR,2016,23,2
Palau,PLW,WPR,2017,20,0
Palau,PLW,WPR,2018,17,2
Palau,PLW,WPR,2019,6,0
Palau,PLW,WPR,2020,10,0
Palau,PLW,WPR,2021,8,1
Palau,PLW,WPR,2022,7,0
Palau,PLW,WPR,2023,15,0
Palau,PLW,WPR,2024,5,0
Panama,PAN,AMR,2013,1449,247
Panama,PAN,AMR,2014,1457,284
Panama,PAN,AMR,2015,1646,264
Panama,PAN,AMR,2016,1810,302
Panama,PAN,AMR,2017,1874,224
Panama,PAN,AMR,2018,1723,271
Panama,PAN,AMR,2019,1265,217
Panama,PAN,AMR,2020,1133,224
Panama,PAN,AMR,2021,1452,229
Panama,PAN,AMR,2022,1645,246
Panama,PAN,AMR,2023,2077,233
Panama,PAN,AMR,2024,2175,298
Papua New Guinea,PNG,WPR,2013,22657,9919
Papua New Guinea,PNG,WPR,2014,26170,11406
Papua New Guinea,PNG,WPR,2015,26347,12235
Papua New Guinea,PNG,WPR,2016,27576,11965
Papua New Guinea,PNG,WPR,2017,26294,11406
Papua New Guinea,PNG,WPR,2018,27887,12165
Papua New Guinea,PNG,WPR,2019,30671,13362
Papua New Guinea,PNG,WPR,2020,28227,12679
Papua New Guinea,PNG,WPR,2021,28873,13241
Papua New Guinea,PNG,WPR,2022,35240,15321
Papua New Guinea,PNG,WPR,2023,40869,17904
Papua New Guinea,PNG,WPR,2024,44737,18862
Paraguay,PRY,AMR,2013,2260,211
Paraguay,PRY,AMR,2014,2248,209
Paraguay,PRY,AMR,2015,2353,205
Paraguay,PRY,AMR,2016,2438,225
Paraguay,PRY,AMR,2017,2579,234
Paraguay,PRY,AMR,2018,2589,285
Paraguay,PRY,AMR,2019,2834,315
Paraguay,PRY,AMR,2020,2363,245
Paraguay,PRY,AMR,2021,2734,245
Paraguay,PRY,AMR,2022,3250,273
Paraguay,PRY,AMR,2023,3719,312
Paraguay,PRY,AMR,2024,4054,322
Peru,PER,AMR,2013,29731,5588
Peru,PER,AMR,2014,30008,5348
Peru,PER,AMR,2015,29833,5491
Peru,PER,AMR,2016,29733,5702
Peru,PER,AMR,2017,29840,5553
Peru,PER,AMR,2018,31421,5852
Peru,PER,AMR,2019,31764,6192
Peru,PER,AMR,2020,23755,4106
Peru,PER,AMR,2021,25657,4448
Peru,PER,AMR,2022,28339,4583
Peru,PER,AMR,2023,31686,5032
Peru,PER,AMR,2024,30510,5033
Philippines,PHL,WPR,2013,229918,4386
Philippines,PHL,WPR,2014,243379,4161
Philippines,PHL,WPR,2015,276672,6816
Philippines,PHL,WPR,2016,332941,6461
Philippines,PHL,WPR,2017,317266,6475
Philippines,PHL,WPR,2018,371668,6938
Philippines,PHL,WPR,2019,409167,6975
Philippines,PHL,WPR,2020,256541,4774
Philippines,PHL,WPR,2021,321564,6383
Philippines,PHL,WPR,2022,435890,7851
Philippines,PHL,WPR,2023,575770,8998
Philippines,PHL,WPR,2024,544948,8938
Poland,POL,EUR,2013,7043,396
Poland,POL,EUR,2014,6539,374
Poland,POL,EUR,2015,6237,341
Poland,POL,EUR,2016,6143,306
Poland,POL,EUR,2017,5535,246
Poland,POL,EUR,2018,5196,236
Poland,POL,EUR,2019,4983,236
Poland,POL,EUR,2020,3150,142
Poland,POL,EUR,2021,3446,145
Poland,POL,EUR,2022,4037,160
Poland,POL,EUR,2023,4144,167
Poland,POL,EUR,2024,3981,137
Portugal,PRT,EUR,2013,2338,646
Portugal,PRT,EUR,2014,2169,595
Portugal,PRT,EUR,2015,2087,581
Portugal,PRT,EUR,2016,1794,487
Portugal,PRT,EUR,2017,1760,483
Portugal,PRT,EUR,2018,1856,527
Portugal,PRT,EUR,2019,1720,431
Portugal,PRT,EUR,2020,1402,410
Portugal,PRT,EUR,2021,1463,395
Portugal,PRT,EUR,2022,1476,398
Portugal,PRT,EUR,2023,1501,430
Portugal,PRT,EUR,2024,1356,384
Puerto Rico,PRI,AMR,2013,49,4
Puerto Rico,PRI,AMR,2014,44,5
Puerto Rico,PRI,AMR,2015,52,2
Puerto Rico,PRI,AMR,2016,65,0
Puerto Rico,PRI,AMR,2017,39,1
Puerto Rico,PRI,AMR,2018,25,3
Puerto Rico,PRI,AMR,2019,36,3
Puerto Rico,PRI,AMR,2020,27,1
Puerto Rico,PRI,AMR,2021,17,0
Puerto Rico,PRI,AMR,2022,21,2
Puerto Rico,PRI,AMR,2023,20,4
Qatar,QAT,EMR,2014,465,310
Qatar,QAT,EMR,2015,529,256
Qatar,QAT,EMR,2016,504,241
Qatar,QAT,EMR,2017,601,258
Qatar,QAT,EMR,2018,750,394
Qatar,QAT,EMR,2019,859,408
Qatar,QAT,EMR,2020,861,456
Qatar,QAT,EMR,2021,983,542
Qatar,QAT,EMR,2022,872,468
Qatar,QAT,EMR,2023,911,494
Qatar,QAT,EMR,2024,844,443
Republic of Korea,KOR,WPR,2013,41579,7369
Republic of Korea,KOR,WPR,2014,40190,6987
Republic of Korea,KOR,WPR,2015,37541,6691
Republic of Korea,KOR,WPR,2016,36435,6276
Republic of Korea,KOR,WPR,2017,33467,5952
Republic of Korea,KOR,WPR,2018,31052,5567
Republic of Korea,KOR,WPR,2019,27956,5063
Republic of Korea,KOR,WPR,2020,23110,4685
Republic of Korea,KOR,WPR,2021,21433,4293
Republic of Korea,KOR,WPR,2022,19128,3915
Republic of Korea,KOR,WPR,2023,18361,3597
Republic of Korea,KOR,WPR,2024,16798,3341
Republic of Moldova,MDA,EUR,2013,4485,336
Republic of Moldova,MDA,EUR,2014,4058,343
Republic of Moldova,MDA,EUR,2015,3608,310
Republic of Moldova,MDA,EUR,2016,3571,307
Republic of Moldova,MDA,EUR,2017,3358,305
Republic of Moldova,MDA,EUR,2018,3022,266
Republic of Moldova,MDA,EUR,2019,2809,256
Republic of Moldova,MDA,EUR,2020,1767,122
Republic of Moldova,MDA,EUR,2021,2067,180
Republic of Moldova,MDA,EUR,2022,2121,159
Republic of Moldova,MDA,EUR,2023,2164,196
Republic of Moldova,MDA,EUR,2024,1931,175
Romania,ROU,EUR,2013,15523,2303
Romania,ROU,EUR,2014,14861,2209
Romania,ROU,EUR,2015,14225,2313
Romania,ROU,EUR,2016,12790,1980
Romania,ROU,EUR,2017,12310,1864
Romania,ROU,EUR,2018,11586,1684
Romania,ROU,EUR,2019,11083,1476
Romania,ROU,EUR,2020,7193,981
Romania,ROU,EUR,2021,7591,945
Romania,ROU,EUR,2022,8818,1061
Romania,ROU,EUR,2023,9122,1167
Romania,ROU,EUR,2024,8453,1072
Russian Federation,RUS,EUR,2013,106053,8789
Russian Federation,RUS,EUR,2014,102340,8763
Russian Federation,RUS,EUR,2015,99590,6325
Russian Federation,RUS,EUR,2016,92407,7685
Russian Federation,RUS,EUR,2017,84510,6353
Russian Federation,RUS,EUR,2018,78258,5730
Russian Federation,RUS,EUR,2019,73328,4999
Russian Federation,RUS,EUR,2020,58723,4042
Russian Federation,RUS,EUR,2021,56922,3973
Russian Federation,RUS,EUR,2022,55906,3847
Russian Federation,RUS,EUR,2023,54643,3440
Russian Federation,RUS,EUR,2024,49283,2851
Rwanda,RWA,AFR,2013,5702,1105
Rwanda,RWA,AFR,2014,5761,857
Rwanda,RWA,AFR,2015,5534,780
Rwanda,RWA,AFR,2016,5792,723
Rwanda,RWA,AFR,2017,5593,797
Rwanda,RWA,AFR,2018,5822,839
Rwanda,RWA,AFR,2019,5766,908
Rwanda,RWA,AFR,2020,5511,883
Rwanda,RWA,AFR,2021,5216,908
Rwanda,RWA,AFR,2022,6986,1229
Rwanda,RWA,AFR,2023,9312,1480
Rwanda,RWA,AFR,2024,8464,1106
Saint Kitts and Nevis,KNA,AMR,2013,0,0
Saint Kitts and Nevis,KNA,AMR,2014,7,0
Saint Kitts and Nevis,KNA,AMR,2016,0,0
Saint Kitts and Nevis,KNA,AMR,2017,1,0
Saint Kitts and Nevis,KNA,AMR,2018,0,0
Saint Kitts and Nevis,KNA,AMR,2019,2,0
Saint Kitts and Nevis,KNA,AMR,2020,2,
Saint Kitts and Nevis,KNA,AMR,2021,0,0
Saint Kitts and Nevis,KNA,AMR,2023,1,1
Saint Lucia,LCA,AMR,2013,9,1
Saint Lucia,LCA,AMR,2014,6,0
Saint Lucia,LCA,AMR,2015,14,0
Saint Lucia,LCA,AMR,2016,3,0
Saint Lucia,LCA,AMR,2017,11,0
Saint Lucia,LCA,AMR,2018,5,0
Saint Lucia,LCA,AMR,2019,6,0
Saint Lucia,LCA,AMR,2020,8,1
Saint Lucia,LCA,AMR,2021,4,0
Saint Lucia,LCA,AMR,2022,2,0
Saint Lucia,LCA,AMR,2023,2,0
Saint Lucia,LCA,AMR,2024,1,1
Saint Vincent and the Grenadines,VCT,AMR,2013,3,0
Saint Vincent and the Grenadines,VCT,AMR,2014,5,0
Saint Vincent and the Grenadines,VCT,AMR,2015,7,0
Saint Vincent and the Grenadines,VCT,AMR,2016,6,0
Saint Vincent and the Grenadines,VCT,AMR,2017,2,0
Saint Vincent and the Grenadines,VCT,AMR,2018,6,0
Saint Vincent and the Grenadines,VCT,AMR,2019,4,0
Saint Vincent and the Grenadines,VCT,AMR,2020,13,0
Saint Vincent and the Grenadines,VCT,AMR,2021,5,0
Saint Vincent and the Grenadines,VCT,AMR,2022,5,0
Saint Vincent and the Grenadines,VCT,AMR,2023,4,0
Samoa,WSM,WPR,2013,22,7
Samoa,WSM,WPR,2014,23,3
Samoa,WSM,WPR,2015,19,4
Samoa,WSM,WPR,2016,13,3
Samoa,WSM,WPR,2017,30,9
Samoa,WSM,WPR,2018,11,3
Samoa,WSM,WPR,2019,18,3
Samoa,WSM,WPR,2020,13,1
Samoa,WSM,WPR,2021,13,0
Samoa,WSM,WPR,2022,9,0
Samoa,WSM,WPR,2023,13,0
Samoa,WSM,WPR,2024,12,1
San Marino,SMR,EUR,2016,0,0
San Marino,SMR,EUR,2017,0,0
San Marino,SMR,EUR,2018,0,0
San Marino,SMR,EUR,2019,0,0
Sao Tome and Principe,STP,AFR,2013,147,15
Sao Tome and Principe,STP,AFR,2014,158,20
Sao Tome and Principe,STP,AFR,2015,178,19
Sao Tome and Principe,STP,AFR,2016,188,17
Sao Tome and Principe,STP,AFR,2017,138,24
Sao Tome and Principe,STP,AFR,2018,149,26
Sao Tome and Principe,STP,AFR,2019,140,27
Sao Tome and Principe,STP,AFR,2020,92,13
Sao Tome and Principe,STP,AFR,2021,82,25
Sao Tome and Principe,STP,AFR,2022,123,22
Sao Tome and Principe,STP,AFR,2023,105,28
Sao Tome and Principe,STP,AFR,2024,129,20
Saudi Arabia,SAU,EMR,2013,3435,878
Saudi Arabia,SAU,EMR,2014,3248,789
Saudi Arabia,SAU,EMR,2015,3309,801
Saudi Arabia,SAU,EMR,2016,2913,727
Saudi Arabia,SAU,EMR,2017,2865,731
Saudi Arabia,SAU,EMR,2018,2963,814
Saudi Arabia,SAU,EMR,2019,2936,719
Saudi Arabia,SAU,EMR,2020,2448,596
Saudi Arabia,SAU,EMR,2021,2577,639
Saudi Arabia,SAU,EMR,2022,2587,554
Saudi Arabia,SAU,EMR,2023,2538,563
Saudi Arabia,SAU,EMR,2024,2597,644
Senegal,SEN,AFR,2013,13186,1618
Senegal,SEN,AFR,2014,13332,1653
Senegal,SEN,AFR,2015,13300,1640
Senegal,SEN,AFR,2016,12878,1635
Senegal,SEN,AFR,2017,13235,1757
Senegal,SEN,AFR,2018,13250,1562
Senegal,SEN,AFR,2019,13357,1863
Senegal,SEN,AFR,2020,12808,1646
Senegal,SEN,AFR,2021,13370,1571
Senegal,SEN,AFR,2022,14604,1664
Senegal,SEN,AFR,2023,16668,2219
Senegal,SEN,AFR,2024,16674,2030
Serbia,SRB,EUR,2013,2106,385
Serbia,SRB,EUR,2014,1818,351
Serbia,SRB,EUR,2015,1649,312
Serbia,SRB,EUR,2016,1472,260
Serbia,SRB,EUR,2017,1450,299
Serbia,SRB,EUR,2018,1330,253
Serbia,SRB,EUR,2019,1106,228
Serbia,SRB,EUR,2020,439,116
Serbia,SRB,EUR,2021,445,122
Serbia,SRB,EUR,2022,1074,171
Serbia,SRB,EUR,2023,1014,161
Serbia,SRB,EUR,2024,443,26
Seychelles,SYC,AFR,2013,24,3
Seychelles,SYC,AFR,2014,13,5
Seychelles,SYC,AFR,2015,8,2
Seychelles,SYC,AFR,2016,12,2
Seychelles,SYC,AFR,2017,16,1
Seychelles,SYC,AFR,2018,15,0
Seychelles,SYC,AFR,2019,14,2
Seychelles,SYC,AFR,2020,9,2
Seychelles,SYC,AFR,2021,11,1
Seychelles,SYC,AFR,2022,16,5
Seychelles,SYC,AFR,2023,23,2
Seychelles,SYC,AFR,2024,22,1
Sierra Leone,SLE,AFR,2013,12072,489
Sierra Leone,SLE,AFR,2014,12477,509
Sierra Leone,SLE,AFR,2015,11861,584
Sierra Leone,SLE,AFR,2016,14114,835
Sierra Leone,SLE,AFR,2017,15935,1154
Sierra Leone,SLE,AFR,2018,17144,1330
Sierra Leone,SLE,AFR,2019,17794,1324
Sierra Leone,SLE,AFR,2020,15706,1293
Sierra Leone,SLE,AFR,2021,17551,1208
Sierra Leone,SLE,AFR,2022,19287,1155
Sierra Leone,SLE,AFR,2023,21949,1232
Sierra Leone,SLE,AFR,2024,22420,1439
Singapore,SGP,WPR,2013,2164,278
Singapore,SGP,WPR,2014,2171,313
Singapore,SGP,WPR,2015,2166,309
Singapore,SGP,WPR,2016,2454,378
Singapore,SGP,WPR,2017,2329,320
Singapore,SGP,WPR,2018,2331,324
Singapore,SGP,WPR,2019,2090,318
Singapore,SGP,WPR,2020,2357,420
Singapore,SGP,WPR,2021,2461,407
Singapore,SGP,WPR,2022,2674,283
Singapore,SGP,WPR,2023,2113,263
Singapore,SGP,WPR,2024,2238,278
Sint Maarten (Dutch part),SXM,AMR,2013,2,0
Sint Maarten (Dutch part),SXM,AMR,2014,0,0
Sint Maarten (Dutch part),SXM,AMR,2015,2,1
Sint Maarten (Dutch part),SXM,AMR,2016,0,0
Sint Maarten (Dutch part),SXM,AMR,2017,5,0
Sint Maarten (Dutch part),SXM,AMR,2018,2,0
Sint Maarten (Dutch part),SXM,AMR,2019,7,0
Sint Maarten (Dutch part),SXM,AMR,2020,1,0
Sint Maarten (Dutch part),SXM,AMR,2021,1,
Sint Maarten (Dutch part),SXM,AMR,2022,2,0
Sint Maarten (Dutch part),SXM,AMR,2023,3,0
Sint Maarten (Dutch part),SXM,AMR,2024,3,0
Slovakia,SVK,EUR,2013,398,56
Slovakia,SVK,EUR,2014,320,57
Slovakia,SVK,EUR,2015,308,49
Slovakia,SVK,EUR,2016,281,41
Slovakia,SVK,EUR,2017,228,38
Slovakia,SVK,EUR,2018,273,35
Slovakia,SVK,EUR,2019,214,33
Slovakia,SVK,EUR,2020,153,22
Slovakia,SVK,EUR,2021,134,17
Slovakia,SVK,EUR,2022,142,14
Slovakia,SVK,EUR,2023,206,21
Slovakia,SVK,EUR,2024,124,11
Slovenia,SVN,EUR,2013,139,30
Slovenia,SVN,EUR,2014,142,39
Slovenia,SVN,EUR,2015,129,29
Slovenia,SVN,EUR,2016,118,14
Slovenia,SVN,EUR,2017,112,20
Slovenia,SVN,EUR,2018,98,15
Slovenia,SVN,EUR,2019,98,11
Slovenia,SVN,EUR,2020,75,11
Slovenia,SVN,EUR,2021,79,12
Slovenia,SVN,EUR,2022,72,13
Slovenia,SVN,EUR,2023,85,10
Slovenia,SVN,EUR,2024,46,9
Solomon Islands,SLB,WPR,2013,360,114
Solomon Islands,SLB,WPR,2014,345,111
Solomon Islands,SLB,WPR,2015,416,159
Solomon Islands,SLB,WPR,2016,402,151
Solomon Islands,SLB,WPR,2017,373,120
Solomon Islands,SLB,WPR,2018,387,108
Solomon Islands,SLB,WPR,2019,354,120
Solomon Islands,SLB,WPR,2020,321,86
Solomon Islands,SLB,WPR,2021,370,119
Solomon Islands,SLB,WPR,2022,342,94
Solomon Islands,SLB,WPR,2023,350,115
Solomon Islands,SLB,WPR,2024,453,129
Somalia,SOM,EMR,2013,12994,2550
Somalia,SOM,EMR,2014,12903,2813
Somalia,SOM,EMR,2015,13982,3255
Somalia,SOM,EMR,2016,14170,3469
Somalia,SOM,EMR,2017,16485,3978
Somalia,SOM,EMR,2018,16614,4458
Somalia,SOM,EMR,2019,16918,4408
Somalia,SOM,EMR,2020,17203,4467
Somalia,SOM,EMR,2021,17422,4782
Somalia,SOM,EMR,2022,18458,4776
Somalia,SOM,EMR,2023,18571,4971
Somalia,SOM,EMR,2024,18349,4739
South Africa,ZAF,AFR,2013,312380,37709
South Africa,ZAF,AFR,2014,306166,33522
South Africa,ZAF,AFR,2015,287224,28507
South Africa,ZAF,AFR,2016,237045,23621
South Africa,ZAF,AFR,2017,243297,25001
South Africa,ZAF,AFR,2018,227999,22985
South Africa,ZAF,AFR,2019,209545,22281
South Africa,ZAF,AFR,2020,191074,23200
South Africa,ZAF,AFR,2021,172194,18382
South Africa,ZAF,AFR,2022,214295,24146
South Africa,ZAF,AFR,2023,211810,27626
South Africa,ZAF,AFR,2024,183726,19803
South Sudan,SSD,AFR,2013,6422,1094
South Sudan,SSD,AFR,2014,8335,1624
South Sudan,SSD,AFR,2015,9657,1792
South Sudan,SSD,AFR,2016,10770,2027
South Sudan,SSD,AFR,2017,10220,2441
South Sudan,SSD,AFR,2018,14603,2650
South Sudan,SSD,AFR,2019,16323,3345
South Sudan,SSD,AFR,2020,15969,3178
South Sudan,SSD,AFR,2021,17468,3173
South Sudan,SSD,AFR,2022,19659,3401
South Sudan,SSD,AFR,2023,23918,3525
South Sudan,SSD,AFR,2024,27045,4024
Spain,ESP,EUR,2013,5244,1483
Spain,ESP,EUR,2014,4818,1302
Spain,ESP,EUR,2015,4026,1033
Spain,ESP,EUR,2016,4734,1335
Spain,ESP,EUR,2017,4379,1220
Spain,ESP,EUR,2018,4500,1246
Spain,ESP,EUR,2019,4071,1128
Spain,ESP,EUR,2020,2949,800
Spain,ESP,EUR,2021,3370,965
Spain,ESP,EUR,2022,2580,730
Spain,ESP,EUR,2023,3991,1108
Spain,ESP,EUR,2024,3267,967
Sri Lanka,LKA,SEA,2013,9331,2589
Sri Lanka,LKA,SEA,2014,9305,2710
Sri Lanka,LKA,SEA,2015,9305,2701
Sri Lanka,LKA,SEA,2016,8664,2526
Sri Lanka,LKA,SEA,2017,8328,2233
Sri Lanka,LKA,SEA,2018,8620,2431
Sri Lanka,LKA,SEA,2019,8204,2125
Sri Lanka,LKA,SEA,2020,7035,1929
Sri Lanka,LKA,SEA,2021,6551,1836
Sri Lanka,LKA,SEA,2022,8121,1995
Sri Lanka,LKA,SEA,2023,9271,2366
Sri Lanka,LKA,SEA,2024,8936,2246
Sudan,SDN,EMR,2013,19056,4902
Sudan,SDN,EMR,2014,19266,4571
Sudan,SDN,EMR,2015,18762,4493
Sudan,SDN,EMR,2016,20477,4949
Sudan,SDN,EMR,2017,20438,5267
Sudan,SDN,EMR,2018,20080,5399
Sudan,SDN,EMR,2019,19790,5207
Sudan,SDN,EMR,2020,17360,4834
Sudan,SDN,EMR,2021,18261,5137
Sudan,SDN,EMR,2022,19346,5252
Sudan,SDN,EMR,2023,13338,3890
Sudan,SDN,EMR,2024,14404,4053
Suriname,SUR,AMR,2013,141,11
Suriname,SUR,AMR,2014,146,26
Suriname,SUR,AMR,2015,144,20
Suriname,SUR,AMR,2016,114,16
Suriname,SUR,AMR,2017,129,15
Suriname,SUR,AMR,2018,174,26
Suriname,SUR,AMR,2019,133,22
Suriname,SUR,AMR,2020,103,13
Suriname,SUR,AMR,2021,88,7
Suriname,SUR,AMR,2022,124,12
Suriname,SUR,AMR,2023,120,15
Suriname,SUR,AMR,2024,132,24
Sweden,SWE,EUR,2013,610,258
Sweden,SWE,EUR,2014,635,270
Sweden,SWE,EUR,2015,782,292
Sweden,SWE,EUR,2016,702,238
Sweden,SWE,EUR,2017,488,184
Sweden,SWE,EUR,2018,477,148
Sweden,SWE,EUR,2019,478,174
Sweden,SWE,EUR,2020,316,113
Sweden,SWE,EUR,2021,344,128
Sweden,SWE,EUR,2022,357,105
Sweden,SWE,EUR,2023,341,117
Sweden,SWE,EUR,2024,301,100
Switzerland,CHE,EUR,2013,466,146
Switzerland,CHE,EUR,2014,423,121
Switzerland,CHE,EUR,2015,531,147
Switzerland,CHE,EUR,2016,573,171
Switzerland,CHE,EUR,2017,529,150
Switzerland,CHE,EUR,2018,473,136
Switzerland,CHE,EUR,2019,402,126
Switzerland,CHE,EUR,2020,351,91
Switzerland,CHE,EUR,2021,355,11
Switzerland,CHE,EUR,2022,346,12
Switzerland,CHE,EUR,2023,413,16
Switzerland,CHE,EUR,2024,421,18
Syrian Arab Republic,SYR,EMR,2013,2735,1552
Syrian Arab Republic,SYR,EMR,2014,3481,1796
Syrian Arab Republic,SYR,EMR,2015,2908,1192
Syrian Arab Republic,SYR,EMR,2016,3064,1407
Syrian Arab Republic,SYR,EMR,2017,2745,1213
Syrian Arab Republic,SYR,EMR,2018,2631,1152
Syrian Arab Republic,SYR,EMR,2019,2589,1122
Syrian Arab Republic,SYR,EMR,2020,2639,1008
Syrian Arab Republic,SYR,EMR,2021,3290,1359
Syrian Arab Republic,SYR,EMR,2022,3068,1318
Syrian Arab Republic,SYR,EMR,2023,3404,1311
Syrian Arab Republic,SYR,EMR,2024,3488,935
Tajikistan,TJK,EUR,2013,5576,1454
Tajikistan,TJK,EUR,2014,5807,1423
Tajikistan,TJK,EUR,2015,5894,1433
Tajikistan,TJK,EUR,2016,5965,1449
Tajikistan,TJK,EUR,2017,5895,1623
Tajikistan,TJK,EUR,2018,5726,1451
Tajikistan,TJK,EUR,2019,5755,1618
Tajikistan,TJK,EUR,2020,4148,1271
Tajikistan,TJK,EUR,2021,4158,1285
Tajikistan,TJK,EUR,2022,4294,1147
Tajikistan,TJK,EUR,2023,4435,1055
Tajikistan,TJK,EUR,2024,4441,1102
Thailand,THA,SEA,2013,63541,9293
Thailand,THA,SEA,2014,67722,10244
Thailand,THA,SEA,2015,62135,9869
Thailand,THA,SEA,2016,70114,10990
Thailand,THA,SEA,2017,80160,12939
Thailand,THA,SEA,2018,85029,11855
Thailand,THA,SEA,2019,87789,12800
Thailand,THA,SEA,2020,85837,12292
Thailand,THA,SEA,2021,71488,10263
Thailand,THA,SEA,2022,72274,9751
Thailand,THA,SEA,2023,80209,10452
Thailand,THA,SEA,2024,81703,9602
Timor-Leste,TLS,SEA,2013,3757,414
Timor-Leste,TLS,SEA,2014,3657,519
Timor-Leste,TLS,SEA,2015,3337,493
Timor-Leste,TLS,SEA,2016,3607,549
Timor-Leste,TLS,SEA,2017,3470,595
Timor-Leste,TLS,SEA,2018,3782,623
Timor-Leste,TLS,SEA,2019,4050,692
Timor-Leste,TLS,SEA,2020,3225,587
Timor-Leste,TLS,SEA,2021,3193,506
Timor-Leste,TLS,SEA,2022,5249,545
Timor-Leste,TLS,SEA,2023,6027,516
Timor-Leste,TLS,SEA,2024,4731,482
Togo,TGO,AFR,2013,2600,393
Togo,TGO,AFR,2014,2525,339
Togo,TGO,AFR,2015,2613,330
Togo,TGO,AFR,2016,2755,390
Togo,TGO,AFR,2017,2544,276
Togo,TGO,AFR,2018,2413,277
Togo,TGO,AFR,2019,2576,322
Togo,TGO,AFR,2020,2327,286
Togo,TGO,AFR,2021,2437,271
Togo,TGO,AFR,2022,3058,341
Togo,TGO,AFR,2023,3080,335
Togo,TGO,AFR,2024,3151,421
Tokelau,TKL,WPR,2013,0,0
Tokelau,TKL,WPR,2014,0,0
Tokelau,TKL,WPR,2015,2,1
Tokelau,TKL,WPR,2016,0,
Tokelau,TKL,WPR,2017,0,0
Tokelau,TKL,WPR,2020,0,0
Tokelau,TKL,WPR,2021,0,0
Tokelau,TKL,WPR,2023,0,0
Tonga,TON,WPR,2013,10,2
Tonga,TON,WPR,2014,13,0
Tonga,TON,WPR,2015,14,8
Tonga,TON,WPR,2016,8,2
Tonga,TON,WPR,2017,11,2
Tonga,TON,WPR,2018,9,1
Tonga,TON,WPR,2019,10,4
Tonga,TON,WPR,2020,8,2
Tonga,TON,WPR,2021,7,0
Tonga,TON,WPR,2022,2,0
Tonga,TON,WPR,2023,8,2
Tonga,TON,WPR,2024,2,1
Trinidad and Tobago,TTO,AMR,2013,250,18
Trinidad and Tobago,TTO,AMR,2014,251,25
Trinidad and Tobago,TTO,AMR,2015,196,11
Trinidad and Tobago,TTO,AMR,2016,214,14
Trinidad and Tobago,TTO,AMR,2017,200,9
Trinidad and Tobago,TTO,AMR,2018,253,16
Trinidad and Tobago,TTO,AMR,2019,218,9
Trinidad and Tobago,TTO,AMR,2020,220,13
Trinidad and Tobago,TTO,AMR,2021,171,15
Trinidad and Tobago,TTO,AMR,2022,243,11
Trinidad and Tobago,TTO,AMR,2023,277,10
Trinidad and Tobago,TTO,AMR,2024,301,15
Tunisia,TUN,EMR,2013,3035,1766
Tunisia,TUN,EMR,2014,3134,1834
Tunisia,TUN,EMR,2015,3416,2001
Tunisia,TUN,EMR,2016,3428,2042
Tunisia,TUN,EMR,2017,3122,1914
Tunisia,TUN,EMR,2018,3202,1928
Tunisia,TUN,EMR,2019,3297,2027
Tunisia,TUN,EMR,2020,2678,1720
Tunisia,TUN,EMR,2021,2637,1698
Tunisia,TUN,EMR,2022,3254,1994
Tunisia,TUN,EMR,2023,3114,1959
Türkiye,TUR,EUR,2013,13170,4561
Türkiye,TUR,EUR,2014,13108,4557
Türkiye,TUR,EUR,2015,12550,4376
Türkiye,TUR,EUR,2016,12186,3979
Türkiye,TUR,EUR,2017,11821,3903
Türkiye,TUR,EUR,2018,11576,3879
Türkiye,TUR,EUR,2019,11247,3812
Türkiye,TUR,EUR,2020,8830,3012
Türkiye,TUR,EUR,2021,9047,3238
Türkiye,TUR,EUR,2022,9723,3495
Türkiye,TUR,EUR,2023,9408,3211
Türkiye,TUR,EUR,2024,8891,2994
Turkmenistan,TKM,EUR,2013,3047,526
Turkmenistan,TKM,EUR,2014,2537,415
Turkmenistan,TKM,EUR,2015,2191,429
Turkmenistan,TKM,EUR,2016,2068,452
Turkmenistan,TKM,EUR,2017,1968,480
Turkmenistan,TKM,EUR,2018,2157,546
Turkmenistan,TKM,EUR,2019,2117,467
Turkmenistan,TKM,EUR,2020,1918,389
Turkmenistan,TKM,EUR,2021,1878,397
Turkmenistan,TKM,EUR,2022,2503,398
Turkmenistan,TKM,EUR,2023,2273,396
Turkmenistan,TKM,EUR,2024,2259,480
Turks and Caicos Islands,TCA,AMR,2013,2,1
Turks and Caicos Islands,TCA,AMR,2014,1,0
Turks and Caicos Islands,TCA,AMR,2015,2,0
Turks and Caicos Islands,TCA,AMR,2016,2,0
Turks and Caicos Islands,TCA,AMR,2017,4,1
Turks and Caicos Islands,TCA,AMR,2018,2,1
Turks and Caicos Islands,TCA,AMR,2019,4,0
Turks and Caicos Islands,TCA,AMR,2021,0,0
Turks and Caicos Islands,TCA,AMR,2023,7,0
Turks and Caicos Islands,TCA,AMR,2024,4,0
Tuvalu,TUV,WPR,2013,18,2
Tuvalu,TUV,WPR,2014,15,0
Tuvalu,TUV,WPR,2015,20,3
Tuvalu,TUV,WPR,2016,20,4
Tuvalu,TUV,WPR,2017,23,10
Tuvalu,TUV,WPR,2018,27,9
Tuvalu,TUV,WPR,2019,30,9
Tuvalu,TUV,WPR,2020,30,10
Tuvalu,TUV,WPR,2021,22,1
Tuvalu,TUV,WPR,2022,26,6
Tuvalu,TUV,WPR,2023,16,1
Uganda,UGA,AFR,2013,45549,5328
Uganda,UGA,AFR,2014,44187,4180
Uganda,UGA,AFR,2015,41912,3668
Uganda,UGA,AFR,2016,43413,3581
Uganda,UGA,AFR,2017,45794,3289
Uganda,UGA,AFR,2018,55835,3467
Uganda,UGA,AFR,2019,65897,3508
Uganda,UGA,AFR,2020,60887,3215
Uganda,UGA,AFR,2021,74799,3035
Uganda,UGA,AFR,2022,94457,3281
Uganda,UGA,AFR,2023,86469,2828
Uganda,UGA,AFR,2024,88861,2231
Ukraine,UKR,EUR,2013,36510,3056
Ukraine,UKR,EUR,2014,31701,2596
Ukraine,UKR,EUR,2015,30151,2648
Ukraine,UKR,EUR,2016,29052,2363
Ukraine,UKR,EUR,2017,27229,2200
Ukraine,UKR,EUR,2018,26512,2005
Ukraine,UKR,EUR,2019,25379,2157
Ukraine,UKR,EUR,2020,17533,1343
Ukraine,UKR,EUR,2021,18307,1361
Ukraine,UKR,EUR,2022,18567,1366
Ukraine,UKR,EUR,2023,20058,1545
Ukraine,UKR,EUR,2024,18311,1034
United Arab Emirates,ARE,EMR,2013,81,13
United Arab Emirates,ARE,EMR,2014,60,16
United Arab Emirates,ARE,EMR,2015,61,13
United Arab Emirates,ARE,EMR,2016,64,20
United Arab Emirates,ARE,EMR,2017,66,17
United Arab Emirates,ARE,EMR,2018,82,29
United Arab Emirates,ARE,EMR,2019,80,36
United Arab Emirates,ARE,EMR,2020,62,29
United Arab Emirates,ARE,EMR,2021,66,30
United Arab Emirates,ARE,EMR,2022,65,28
United Arab Emirates,ARE,EMR,2023,66,33
United Arab Emirates,ARE,EMR,2024,57,23
United Kingdom of Great Britain and Northern Ireland,GBR,EUR,2013,7384,3555
United Kingdom of Great Britain and Northern Ireland,GBR,EUR,2014,6622,3078
United Kingdom of Great Britain and Northern Ireland,GBR,EUR,2015,5854,2732
United Kingdom of Great Britain and Northern Ireland,GBR,EUR,2016,5793,2638
United Kingdom of Great Britain and Northern Ireland,GBR,EUR,2017,5248,2373
United Kingdom of Great Britain and Northern Ireland,GBR,EUR,2018,4775,2025
United Kingdom of Great Britain and Northern Ireland,GBR,EUR,2019,4803,2079
United Kingdom of Great Britain and Northern Ireland,GBR,EUR,2020,4185,1932
United Kingdom of Great Britain and Northern Ireland,GBR,EUR,2021,4762,2175
United Kingdom of Great Britain and Northern Ireland,GBR,EUR,2022,4706,2061
United Kingdom of Great Britain and Northern Ireland,GBR,EUR,2023,5275,2301
United Kingdom of Great Britain and Northern Ireland,GBR,EUR,2024,5941,2657
United Republic of Tanzania,TZA,AFR,2013,64053,15016
United Republic of Tanzania,TZA,AFR,2014,61571,13600
United Republic of Tanzania,TZA,AFR,2015,60895,12679
United Republic of Tanzania,TZA,AFR,2016,64609,13338
United Republic of Tanzania,TZA,AFR,2017,68273,13780
United Republic of Tanzania,TZA,AFR,2018,74692,15353
United Republic of Tanzania,TZA,AFR,2019,81208,16872
United Republic of Tanzania,TZA,AFR,2020,84791,17645
United Republic of Tanzania,TZA,AFR,2021,86701,16223
United Republic of Tanzania,TZA,AFR,2022,100100,16879
United Republic of Tanzania,TZA,AFR,2023,92368,14275
United Republic of Tanzania,TZA,AFR,2024,75924,10261
United States of America,USA,AMR,2013,9115,1915
United States of America,USA,AMR,2014,8949,1877
United States of America,USA,AMR,2015,9058,1869
United States of America,USA,AMR,2016,8814,1821
United States of America,USA,AMR,2017,8662,1820
United States of America,USA,AMR,2018,8561,1769
United States of America,USA,AMR,2019,8493,1756
United States of America,USA,AMR,2020,6849,1456
United States of America,USA,AMR,2021,7557,1617
United States of America,USA,AMR,2022,7726,1478
United States of America,USA,AMR,2023,9206,1683
Uruguay,URY,AMR,2013,881,78
Uruguay,URY,AMR,2014,862,83
Uruguay,URY,AMR,2015,900,79
Uruguay,URY,AMR,2016,879,95
Uruguay,URY,AMR,2017,933,89
Uruguay,URY,AMR,2018,1002,112
Uruguay,URY,AMR,2019,1057,107
Uruguay,URY,AMR,2020,968,112
Uruguay,URY,AMR,2021,951,93
Uruguay,URY,AMR,2022,1126,119
Uruguay,URY,AMR,2023,1240,122
Uruguay,URY,AMR,2024,1293,120
Uzbekistan,UZB,EUR,2013,20812,4459
Uzbekistan,UZB,EUR,2014,18345,4514
Uzbekistan,UZB,EUR,2015,16315,4948
Uzbekistan,UZB,EUR,2016,16050,5336
Uzbekistan,UZB,EUR,2017,16842,5395
Uzbekistan,UZB,EUR,2018,16413,5331
Uzbekistan,UZB,EUR,2019,16272,5418
Uzbekistan,UZB,EUR,2020,12111,4442
Uzbekistan,UZB,EUR,2021,13544,5099
Uzbekistan,UZB,EUR,2022,14302,5173
Uzbekistan,UZB,EUR,2023,13938,4888
Uzbekistan,UZB,EUR,2024,13924,5164
Vanuatu,VUT,WPR,2013,123,56
Vanuatu,VUT,WPR,2014,112,51
Vanuatu,VUT,WPR,2015,136,73
Vanuatu,VUT,WPR,2016,100,46
Vanuatu,VUT,WPR,2017,91,32
Vanuatu,VUT,WPR,2018,90,36
Vanuatu,VUT,WPR,2019,93,25
Vanuatu,VUT,WPR,2020,83,30
Vanuatu,VUT,WPR,2021,69,26
Vanuatu,VUT,WPR,2022,84,23
Vanuatu,VUT,WPR,2023,101,41
Vanuatu,VUT,WPR,2024,89,29
Venezuela (Bolivarian Republic of),VEN,AMR,2013,6555,1163
Venezuela (Bolivarian Republic of),VEN,AMR,2014,6392,1079
Venezuela (Bolivarian Republic of),VEN,AMR,2015,7136,1110
Venezuela (Bolivarian Republic of),VEN,AMR,2016,8197,1181
Venezuela (Bolivarian Republic of),VEN,AMR,2017,10647,1212
Venezuela (Bolivarian Republic of),VEN,AMR,2018,11017,1415
Venezuela (Bolivarian Republic of),VEN,AMR,2019,10293,1460
Venezuela (Bolivarian Republic of),VEN,AMR,2020,9150,1173
Venezuela (Bolivarian Republic of),VEN,AMR,2021,9090,1054
Venezuela (Bolivarian Republic of),VEN,AMR,2022,9865,1213
Venezuela (Bolivarian Republic of),VEN,AMR,2023,10165,1194
Venezuela (Bolivarian Republic of),VEN,AMR,2024,10787,1492
Viet Nam,VNM,WPR,2013,100395,18326
Viet Nam,VNM,WPR,2014,100349,18118
Viet Nam,VNM,WPR,2015,100780,18301
Viet Nam,VNM,WPR,2016,102097,19396
Viet Nam,VNM,WPR,2017,102725,19895
Viet Nam,VNM,WPR,2018,99658,19501
Viet Nam,VNM,WPR,2019,102503,19897
Viet Nam,VNM,WPR,2020,99852,19695
Viet Nam,VNM,WPR,2021,77657,15838
Viet Nam,VNM,WPR,2022,102479,17001
Viet Nam,VNM,WPR,2023,104517,17479
Viet Nam,VNM,WPR,2024,106392,16746
Wallis and Futuna,WLF,WPR,2013,2,0
Wallis and Futuna,WLF,WPR,2014,0,0
Wallis and Futuna,WLF,WPR,2015,0,0
Wallis and Futuna,WLF,WPR,2016,0,0
Wallis and Futuna,WLF,WPR,2018,0,0
Wallis and Futuna,WLF,WPR,2019,1,0
Wallis and Futuna,WLF,WPR,2020,0,0
Wallis and Futuna,WLF,WPR,2024,0,0
Yemen,YEM,EMR,2013,10325,3773
Yemen,YEM,EMR,2014,9628,3390
Yemen,YEM,EMR,2015,7654,2523
Yemen,YEM,EMR,2016,9412,3263
Yemen,YEM,EMR,2017,9693,3450
Yemen,YEM,EMR,2018,9743,3462
Yemen,YEM,EMR,2019,10224,3875
Yemen,YEM,EMR,2020,8860,3541
Yemen,YEM,EMR,2021,9367,3882
Yemen,YEM,EMR,2022,10327,4170
Yemen,YEM,EMR,2023,11015,4366
Yemen,YEM,EMR,2024,11925,4783
Zambia,ZMB,AFR,2013,40638,9370
Zambia,ZMB,AFR,2014,37931,8584
Zambia,ZMB,AFR,2015,36741,7754
Zambia,ZMB,AFR,2016,38326,6150
Zambia,ZMB,AFR,2017,36010,5082
Zambia,ZMB,AFR,2018,35071,4130
Zambia,ZMB,AFR,2019,36150,3596
Zambia,ZMB,AFR,2020,40000,2848
Zambia,ZMB,AFR,2021,50075,2530
Zambia,ZMB,AFR,2022,54127,2876
Zambia,ZMB,AFR,2023,54346,2335
Zambia,ZMB,AFR,2024,47006,1804
Zimbabwe,ZWE,AFR,2013,32899,4413
Zimbabwe,ZWE,AFR,2014,29653,3909
Zimbabwe,ZWE,AFR,2015,26990,3293
Zimbabwe,ZWE,AFR,2016,26618,2915
Zimbabwe,ZWE,AFR,2017,25848,2657
Zimbabwe,ZWE,AFR,2018,25204,2547
Zimbabwe,ZWE,AFR,2019,21008,1957
Zimbabwe,ZWE,AFR,2020,15728,1140
Zimbabwe,ZWE,AFR,2021,16310,1134
Zimbabwe,ZWE,AFR,2022,18222,1287
Zimbabwe,ZWE,AFR,2023,19207,1891
Zimbabwe,ZWE,AFR,2024,20286,2579
