country,iso3,g_whoregion,year,age_group,sex,coh,succ,fail,died,lost,tsr,category
Afghanistan,AFG,EMR,2018,0-14,a,10461,10027,,,,96,Children (0-14)
Albania,ALB,EUR,2013,0-14,a,19,18,0,0,1,95,Children (0-14)
Albania,ALB,EUR,2014,0-14,a,21,20,0,0,0,95,Children (0-14)
Albania,ALB,EUR,2015,0-14,a,11,10,0,0,0,91,Children (0-14)
Albania,ALB,EUR,2016,0-14,a,13,11,0,0,1,85,Children (0-14)
Albania,ALB,EUR,2017,0-14,a,14,14,0,0,0,100,Children (0-14)
Albania,ALB,EUR,2018,0-14,a,4,4,0,0,0,100,Children (0-14)
Albania,ALB,EUR,2019,0-14,a,11,11,0,0,0,100,Children (0-14)
Albania,ALB,EUR,2020,0-14,a,3,3,0,0,0,100,Children (0-14)
Albania,ALB,EUR,2021,0-14,a,8,8,0,0,0,100,Children (0-14)
Albania,ALB,EUR,2022,0-14,a,6,6,0,0,0,100,Children (0-14)
Albania,ALB,EUR,2023,0-14,a,8,8,0,0,0,100,Children (0-14)
American Samoa,ASM,WPR,2018,0-14,a,0,0,,,,,Children (0-14)
American Samoa,ASM,WPR,2019,0-14,a,0,0,,,,,Children (0-14)
Andorra,AND,EUR,2013,0-14,a,0,,,,,,Children (0-14)
Andorra,AND,EUR,2014,0-14,a,0,0,0,0,0,,Children (0-14)
Andorra,AND,EUR,2015,0-14,a,0,0,0,0,0,,Children (0-14)
Andorra,AND,EUR,2016,0-14,a,0,0,0,0,0,,Children (0-14)
Andorra,AND,EUR,2017,0-14,a,0,0,0,0,0,,Children (0-14)
Andorra,AND,EUR,2018,0-14,a,0,,,,,,Children (0-14)
Andorra,AND,EUR,2019,0-14,a,0,,,,,,Children (0-14)
Andorra,AND,EUR,2020,0-14,a,0,,,,,,Children (0-14)
Andorra,AND,EUR,2022,0-14,a,0,,,,,,Children (0-14)
Antigua and Barbuda,ATG,AMR,2018,0-14,a,1,1,0,0,0,100,Children (0-14)
Antigua and Barbuda,ATG,AMR,2019,0-14,a,0,0,0,0,0,,Children (0-14)
Antigua and Barbuda,ATG,AMR,2020,0-14,a,0,0,0,0,0,,Children (0-14)
Antigua and Barbuda,ATG,AMR,2021,0-14,a,0,0,0,0,0,,Children (0-14)
Antigua and Barbuda,ATG,AMR,2022,0-14,a,0,0,0,0,0,,Children (0-14)
Antigua and Barbuda,ATG,AMR,2023,0-14,a,0,0,0,0,0,,Children (0-14)
Argentina,ARG,AMR,2013,0-14,a,888,406,1,11,61,46,Children (0-14)
Argentina,ARG,AMR,2014,0-14,a,860,482,0,6,60,56,Children (0-14)
Argentina,ARG,AMR,2015,0-14,a,983,482,0,10,81,49,Children (0-14)
Argentina,ARG,AMR,2016,0-14,a,732,477,1,8,68,65,Children (0-14)
Argentina,ARG,AMR,2017,0-14,a,910,575,0,15,89,63,Children (0-14)
Argentina,ARG,AMR,2018,0-14,a,952,575,4,9,60,60,Children (0-14)
Argentina,ARG,AMR,2019,0-14,a,715,362,2,5,46,51,Children (0-14)
Argentina,ARG,AMR,2020,0-14,a,729,425,0,11,53,58,Children (0-14)
Argentina,ARG,AMR,2021,0-14,a,794,456,0,9,55,57,Children (0-14)
Argentina,ARG,AMR,2022,0-14,a,979,640,0,12,69,65,Children (0-14)
Argentina,ARG,AMR,2023,0-14,a,1134,693,0,15,83,61,Children (0-14)
Armenia,ARM,EUR,2013,0-14,a,37,30,0,0,7,81,Children (0-14)
Armenia,ARM,EUR,2014,0-14,a,33,26,0,1,4,79,Children (0-14)
Armenia,ARM,EUR,2015,0-14,a,23,19,0,0,4,83,Children (0-14)
Armenia,ARM,EUR,2016,0-14,a,19,18,0,0,1,95,Children (0-14)
Armenia,ARM,EUR,2017,0-14,a,19,12,1,0,6,63,Children (0-14)
Armenia,ARM,EUR,2018,0-14,a,37,32,2,0,3,86,Children (0-14)
Armenia,ARM,EUR,2019,0-14,a,29,26,0,0,3,90,Children (0-14)
Armenia,ARM,EUR,2020,0-14,a,21,20,0,1,0,95,Children (0-14)
Armenia,ARM,EUR,2021,0-14,a,18,18,0,0,0,100,Children (0-14)
Armenia,ARM,EUR,2022,0-14,a,17,15,0,0,1,88,Children (0-14)
Armenia,ARM,EUR,2023,0-14,a,27,27,0,0,0,100,Children (0-14)
Aruba,ABW,AMR,2018,0-14,a,0,0,0,0,0,,Children (0-14)
Australia,AUS,WPR,2019,0-14,a,38,30,,,,79,Children (0-14)
Australia,AUS,WPR,2020,0-14,a,31,29,,,,94,Children (0-14)
Australia,AUS,WPR,2021,0-14,a,30,29,,,,97,Children (0-14)
Australia,AUS,WPR,2022,0-14,a,29,25,,,,86,Children (0-14)
Australia,AUS,WPR,2023,0-14,a,43,23,,,,53,Children (0-14)
Austria,AUT,EUR,2013,0-14,a,23,21,0,0,2,91,Children (0-14)
Austria,AUT,EUR,2014,0-14,a,14,12,0,0,0,86,Children (0-14)
Austria,AUT,EUR,2015,0-14,a,19,14,0,1,0,74,Children (0-14)
Austria,AUT,EUR,2016,0-14,a,29,26,0,0,0,90,Children (0-14)
Austria,AUT,EUR,2017,0-14,a,21,18,0,0,0,86,Children (0-14)
Austria,AUT,EUR,2018,0-14,a,24,20,0,0,0,83,Children (0-14)
Austria,AUT,EUR,2019,0-14,a,22,19,0,0,0,86,Children (0-14)
Austria,AUT,EUR,2020,0-14,a,12,10,0,1,0,83,Children (0-14)
Austria,AUT,EUR,2021,0-14,a,13,9,0,0,1,69,Children (0-14)
Austria,AUT,EUR,2022,0-14,a,12,12,0,0,0,100,Children (0-14)
Austria,AUT,EUR,2023,0-14,a,12,9,0,0,3,75,Children (0-14)
Azerbaijan,AZE,EUR,2022,0-14,a,110,75,12,0,10,68,Children (0-14)
Azerbaijan,AZE,EUR,2022,a,f,982,788,62,25,86,80,Female (All Ages)
Azerbaijan,AZE,EUR,2022,a,m,2624,2169,151,135,155,83,Male (All Ages)
Azerbaijan,AZE,EUR,2023,0-14,a,139,113,12,,5,81,Children (0-14)
Azerbaijan,AZE,EUR,2023,a,f,1252,1036,122,28,56,83,Female (All Ages)
Azerbaijan,AZE,EUR,2023,a,m,1625,1372,49,106,89,84,Male (All Ages)
Bahamas,BHS,AMR,2018,0-14,a,5,5,0,0,0,100,Children (0-14)
Bahamas,BHS,AMR,2019,0-14,a,6,6,0,0,0,100,Children (0-14)
Bahamas,BHS,AMR,2020,0-14,a,0,,,,,,Children (0-14)
Bahamas,BHS,AMR,2021,0-14,a,2,2,0,0,0,100,Children (0-14)
Bahamas,BHS,AMR,2022,0-14,a,3,3,0,0,0,100,Children (0-14)
Bahamas,BHS,AMR,2023,0-14,a,2,2,0,0,0,100,Children (0-14)
Bahrain,BHR,EMR,2018,0-14,a,0,0,,,,,Children (0-14)
Bahrain,BHR,EMR,2019,0-14,a,3,2,,,,67,Children (0-14)
Bahrain,BHR,EMR,2020,0-14,a,0,0,,,,,Children (0-14)
Bahrain,BHR,EMR,2021,0-14,a,1,1,,,,100,Children (0-14)
Bahrain,BHR,EMR,2023,0-14,a,5,5,,,,100,Children (0-14)
Bangladesh,BGD,SEA,2018,0-14,a,11299,10947,,,,97,Children (0-14)
Bangladesh,BGD,SEA,2019,0-14,a,12307,11882,,,,97,Children (0-14)
Bangladesh,BGD,SEA,2019,a,f,126193,120832,259,2272,691,96,Female (All Ages)
Bangladesh,BGD,SEA,2019,a,m,163670,153620,646,6159,1062,94,Male (All Ages)
Bangladesh,BGD,SEA,2020,0-14,a,9363,9129,,,,98,Children (0-14)
Bangladesh,BGD,SEA,2020,a,f,102295,98585,229,1779,343,96,Female (All Ages)
Bangladesh,BGD,SEA,2020,a,m,126484,119529,464,4703,495,95,Male (All Ages)
Bangladesh,BGD,SEA,2021,0-14,a,10427,10121,,,,97,Children (0-14)
Bangladesh,BGD,SEA,2021,a,f,140038,136290,202,1555,339,97,Female (All Ages)
Bangladesh,BGD,SEA,2021,a,m,166822,160197,482,4307,480,96,Male (All Ages)
Bangladesh,BGD,SEA,2022,0-14,a,10701,10294,,,,96,Children (0-14)
Bangladesh,BGD,SEA,2022,a,f,115045,110660,231,1810,478,96,Female (All Ages)
Bangladesh,BGD,SEA,2022,a,m,146999,138655,551,4980,719,94,Male (All Ages)
Bangladesh,BGD,SEA,2023,0-14,a,11906,11538,,,,97,Children (0-14)
Bangladesh,BGD,SEA,2023,a,f,129654,125061,195,2048,661,96,Female (All Ages)
Bangladesh,BGD,SEA,2023,a,m,171602,162656,485,5515,916,95,Male (All Ages)
Barbados,BRB,AMR,2018,0-14,a,0,0,0,0,0,,Children (0-14)
Barbados,BRB,AMR,2019,0-14,a,0,0,0,0,0,,Children (0-14)
Belarus,BLR,EUR,2013,0-14,a,11,11,0,0,0,100,Children (0-14)
Belarus,BLR,EUR,2014,0-14,a,17,17,0,0,0,100,Children (0-14)
Belarus,BLR,EUR,2015,0-14,a,7,7,0,0,0,100,Children (0-14)
Belarus,BLR,EUR,2016,0-14,a,11,8,0,0,0,73,Children (0-14)
Belarus,BLR,EUR,2017,0-14,a,11,11,0,0,0,100,Children (0-14)
Belarus,BLR,EUR,2018,0-14,a,12,10,0,0,0,83,Children (0-14)
Belarus,BLR,EUR,2019,0-14,a,8,8,0,0,0,100,Children (0-14)
Belarus,BLR,EUR,2020,0-14,a,3,3,0,0,0,100,Children (0-14)
Belarus,BLR,EUR,2020,a,f,240,199,4,31,6,83,Female (All Ages)
Belarus,BLR,EUR,2020,a,m,593,511,6,53,17,86,Male (All Ages)
Belarus,BLR,EUR,2021,0-14,a,5,5,0,0,0,100,Children (0-14)
Belarus,BLR,EUR,2021,a,f,242,208,4,16,14,86,Female (All Ages)
Belarus,BLR,EUR,2021,a,m,661,551,15,65,30,83,Male (All Ages)
Belarus,BLR,EUR,2022,0-14,a,4,4,0,0,0,100,Children (0-14)
Belarus,BLR,EUR,2022,a,f,265,220,5,31,5,83,Female (All Ages)
Belarus,BLR,EUR,2022,a,m,734,649,16,51,16,88,Male (All Ages)
Belarus,BLR,EUR,2023,0-14,a,10,10,0,0,0,100,Children (0-14)
Belarus,BLR,EUR,2023,a,f,253,220,3,29,1,87,Female (All Ages)
Belarus,BLR,EUR,2023,a,m,678,606,5,47,20,89,Male (All Ages)
Belgium,BEL,EUR,2013,0-14,a,56,53,0,0,2,95,Children (0-14)
Belgium,BEL,EUR,2014,0-14,a,59,56,0,0,0,95,Children (0-14)
Belgium,BEL,EUR,2015,0-14,a,69,67,0,1,0,97,Children (0-14)
Belgium,BEL,EUR,2016,0-14,a,57,55,0,0,1,96,Children (0-14)
Belgium,BEL,EUR,2017,0-14,a,67,59,0,0,4,88,Children (0-14)
Belgium,BEL,EUR,2018,0-14,a,60,54,0,0,5,90,Children (0-14)
Belgium,BEL,EUR,2019,0-14,a,48,45,0,0,1,94,Children (0-14)
Belgium,BEL,EUR,2020,0-14,a,48,39,0,0,0,81,Children (0-14)
Belgium,BEL,EUR,2021,0-14,a,40,34,0,0,2,85,Children (0-14)
Belgium,BEL,EUR,2023,0-14,a,36,26,0,0,1,72,Children (0-14)
Belize,BLZ,AMR,2013,0-14,a,4,2,0,0,1,50,Children (0-14)
Belize,BLZ,AMR,2014,0-14,a,5,3,0,0,1,60,Children (0-14)
Belize,BLZ,AMR,2015,0-14,a,4,3,,1,,75,Children (0-14)
Belize,BLZ,AMR,2016,0-14,a,3,1,0,1,0,33,Children (0-14)
Belize,BLZ,AMR,2017,0-14,a,1,1,0,0,0,100,Children (0-14)
Belize,BLZ,AMR,2018,0-14,a,0,0,0,0,0,,Children (0-14)
Belize,BLZ,AMR,2019,0-14,a,0,0,0,0,0,,Children (0-14)
Belize,BLZ,AMR,2020,0-14,a,2,1,0,0,1,50,Children (0-14)
Belize,BLZ,AMR,2021,0-14,a,2,2,0,0,0,100,Children (0-14)
Belize,BLZ,AMR,2022,0-14,a,1,0,0,0,0,0,Children (0-14)
Belize,BLZ,AMR,2023,0-14,a,1,0,0,0,1,0,Children (0-14)
Benin,BEN,AFR,2018,0-14,a,202,173,,,,86,Children (0-14)
Benin,BEN,AFR,2019,0-14,a,232,212,,,,91,Children (0-14)
Benin,BEN,AFR,2020,0-14,a,215,195,,,,91,Children (0-14)
Benin,BEN,AFR,2021,0-14,a,134,120,,,,90,Children (0-14)
Benin,BEN,AFR,2022,0-14,a,174,157,,,,90,Children (0-14)
Benin,BEN,AFR,2023,0-14,a,175,164,,,,94,Children (0-14)
Bermuda,BMU,AMR,2018,0-14,a,0,0,0,0,0,,Children (0-14)
Bermuda,BMU,AMR,2019,0-14,a,0,0,0,0,0,,Children (0-14)
Bermuda,BMU,AMR,2020,0-14,a,0,0,0,0,0,,Children (0-14)
Bermuda,BMU,AMR,2021,0-14,a,0,0,0,0,0,,Children (0-14)
Bermuda,BMU,AMR,2022,0-14,a,0,0,0,0,0,,Children (0-14)
Bhutan,BTN,SEA,2018,0-14,a,26,26,,,,100,Children (0-14)
Bhutan,BTN,SEA,2019,0-14,a,27,27,,,,100,Children (0-14)
Bhutan,BTN,SEA,2020,0-14,a,31,26,,,,84,Children (0-14)
Bhutan,BTN,SEA,2021,0-14,a,16,16,,,,100,Children (0-14)
Bhutan,BTN,SEA,2022,0-14,a,32,30,,,,94,Children (0-14)
Bhutan,BTN,SEA,2023,0-14,a,20,20,,,,100,Children (0-14)
Bosnia and Herzegovina,BIH,EUR,2013,0-14,a,15,9,2,0,0,60,Children (0-14)
Bosnia and Herzegovina,BIH,EUR,2014,0-14,a,15,11,3,,,73,Children (0-14)
Bosnia and Herzegovina,BIH,EUR,2015,0-14,a,14,12,0,0,0,86,Children (0-14)
Bosnia and Herzegovina,BIH,EUR,2016,0-14,a,10,8,0,1,0,80,Children (0-14)
Bosnia and Herzegovina,BIH,EUR,2017,0-14,a,11,5,2,0,1,45,Children (0-14)
Bosnia and Herzegovina,BIH,EUR,2018,0-14,a,5,1,,,,20,Children (0-14)
Bosnia and Herzegovina,BIH,EUR,2019,0-14,a,3,0,0,0,0,0,Children (0-14)
Bosnia and Herzegovina,BIH,EUR,2020,0-14,a,1,,,,,0,Children (0-14)
Bosnia and Herzegovina,BIH,EUR,2021,0-14,a,1,,,,,0,Children (0-14)
Bosnia and Herzegovina,BIH,EUR,2022,0-14,a,0,0,0,0,0,,Children (0-14)
Botswana,BWA,AFR,2018,0-14,a,312,257,,,,82,Children (0-14)
Botswana,BWA,AFR,2019,0-14,a,572,206,,,,36,Children (0-14)
Botswana,BWA,AFR,2020,0-14,a,251,212,,,,84,Children (0-14)
Botswana,BWA,AFR,2020,a,f,1278,984,3,79,9,77,Female (All Ages)
Botswana,BWA,AFR,2020,a,m,1651,1286,11,135,26,78,Male (All Ages)
Botswana,BWA,AFR,2021,0-14,a,158,133,,,,84,Children (0-14)
Botswana,BWA,AFR,2021,a,f,1064,831,10,67,7,78,Female (All Ages)
Botswana,BWA,AFR,2021,a,m,1736,1310,10,162,19,75,Male (All Ages)
Botswana,BWA,AFR,2022,0-14,a,198,147,,,,74,Children (0-14)
Botswana,BWA,AFR,2022,a,f,1205,925,6,75,10,77,Female (All Ages)
Botswana,BWA,AFR,2022,a,m,1982,1484,13,128,18,75,Male (All Ages)
Botswana,BWA,AFR,2023,0-14,a,243,215,,,,88,Children (0-14)
Botswana,BWA,AFR,2023,a,f,1278,1096,13,79,41,86,Female (All Ages)
Botswana,BWA,AFR,2023,a,m,1963,1628,13,158,77,83,Male (All Ages)
Brazil,BRA,AMR,2013,0-14,a,2641,2089,0,104,153,79,Children (0-14)
Brazil,BRA,AMR,2014,0-14,a,2233,1719,0,92,131,77,Children (0-14)
Brazil,BRA,AMR,2015,0-14,a,2109,1647,1,61,125,78,Children (0-14)
Brazil,BRA,AMR,2016,0-14,a,2216,1750,2,68,132,79,Children (0-14)
Brazil,BRA,AMR,2017,0-14,a,2281,1746,1,63,134,77,Children (0-14)
Brazil,BRA,AMR,2018,0-14,a,2510,1928,0,80,174,77,Children (0-14)
Brazil,BRA,AMR,2019,0-14,a,2659,1964,0,75,209,74,Children (0-14)
Brazil,BRA,AMR,2019,a,f,25640,18724,19,1753,2376,73,Female (All Ages)
Brazil,BRA,AMR,2019,a,m,58165,38926,46,4593,7656,67,Male (All Ages)
Brazil,BRA,AMR,2020,0-14,a,1903,1357,0,72,155,71,Children (0-14)
Brazil,BRA,AMR,2020,a,f,22069,15701,11,1650,2138,71,Female (All Ages)
Brazil,BRA,AMR,2020,a,m,50756,32847,35,4487,7140,65,Male (All Ages)
Brazil,BRA,AMR,2021,0-14,a,2194,1500,1,69,213,68,Children (0-14)
Brazil,BRA,AMR,2021,a,f,23772,16550,17,1807,2537,70,Female (All Ages)
Brazil,BRA,AMR,2021,a,m,54251,33889,38,5248,7878,62,Male (All Ages)
Brazil,BRA,AMR,2022,0-14,a,2708,1997,1,88,231,74,Children (0-14)
Brazil,BRA,AMR,2022,a,f,26628,18722,17,2087,2853,70,Female (All Ages)
Brazil,BRA,AMR,2022,a,m,60625,38523,40,5457,9288,64,Male (All Ages)
Brazil,BRA,AMR,2023,0-14,a,2988,2134,0,109,284,71,Children (0-14)
Brazil,BRA,AMR,2023,a,f,27208,18938,15,2090,3071,70,Female (All Ages)
Brazil,BRA,AMR,2023,a,m,63329,40007,42,5667,9802,63,Male (All Ages)
British Virgin Islands,VGB,AMR,2022,0-14,a,0,0,0,0,0,,Children (0-14)
Brunei Darussalam,BRN,WPR,2018,0-14,a,5,5,,,,100,Children (0-14)
Brunei Darussalam,BRN,WPR,2019,0-14,a,6,6,,,,100,Children (0-14)
Brunei Darussalam,BRN,WPR,2020,0-14,a,1,1,,,,100,Children (0-14)
Bulgaria,BGR,EUR,2013,0-14,a,146,139,0,1,6,95,Children (0-14)
Bulgaria,BGR,EUR,2014,0-14,a,145,139,0,0,6,96,Children (0-14)
Bulgaria,BGR,EUR,2015,0-14,a,118,112,0,1,5,95,Children (0-14)
Bulgaria,BGR,EUR,2016,0-14,a,124,117,0,0,7,94,Children (0-14)
Bulgaria,BGR,EUR,2017,0-14,a,105,101,0,0,4,96,Children (0-14)
Bulgaria,BGR,EUR,2018,0-14,a,67,66,0,0,1,99,Children (0-14)
Bulgaria,BGR,EUR,2019,0-14,a,54,47,0,1,3,87,Children (0-14)
Bulgaria,BGR,EUR,2021,0-14,a,18,13,0,0,4,72,Children (0-14)
Bulgaria,BGR,EUR,2023,0-14,a,20,17,0,1,1,85,Children (0-14)
Burkina Faso,BFA,AFR,2023,0-14,a,299,290,,,,97,Children (0-14)
Burundi,BDI,AFR,2018,0-14,a,387,375,,,,97,Children (0-14)
Burundi,BDI,AFR,2019,0-14,a,324,310,,,,96,Children (0-14)
Burundi,BDI,AFR,2020,0-14,a,289,277,,,,96,Children (0-14)
Burundi,BDI,AFR,2021,0-14,a,290,280,,,,97,Children (0-14)
Burundi,BDI,AFR,2022,0-14,a,349,280,,,,80,Children (0-14)
Burundi,BDI,AFR,2023,0-14,a,343,330,,,,96,Children (0-14)
Cabo Verde,CPV,AFR,2018,0-14,a,4,4,,,,100,Children (0-14)
Cabo Verde,CPV,AFR,2019,0-14,a,4,4,,,,100,Children (0-14)
Cabo Verde,CPV,AFR,2020,0-14,a,6,6,,,,100,Children (0-14)
Cabo Verde,CPV,AFR,2021,0-14,a,2,2,,,,100,Children (0-14)
Cabo Verde,CPV,AFR,2022,0-14,a,6,6,,,,100,Children (0-14)
Cabo Verde,CPV,AFR,2023,0-14,a,7,4,,,,57,Children (0-14)
Cambodia,KHM,WPR,2022,0-14,a,8044,8018,,,,100,Children (0-14)
Cambodia,KHM,WPR,2023,0-14,a,7160,7116,,,,99,Children (0-14)
Cameroon,CMR,AFR,2019,0-14,a,1271,1100,,,,87,Children (0-14)
Cameroon,CMR,AFR,2020,0-14,a,1222,1087,,,,89,Children (0-14)
Cameroon,CMR,AFR,2020,a,f,8369,7194,27,563,383,86,Female (All Ages)
Cameroon,CMR,AFR,2020,a,m,13731,11705,91,878,741,85,Male (All Ages)
Cameroon,CMR,AFR,2021,0-14,a,1380,1196,,,,87,Children (0-14)
Cameroon,CMR,AFR,2021,a,f,8101,7149,36,449,289,88,Female (All Ages)
Cameroon,CMR,AFR,2021,a,m,14308,12536,94,766,690,88,Male (All Ages)
Cameroon,CMR,AFR,2022,0-14,a,1363,1286,,,,94,Children (0-14)
Cameroon,CMR,AFR,2022,a,f,8843,7932,41,446,311,90,Female (All Ages)
Cameroon,CMR,AFR,2022,a,m,15879,13992,89,843,749,88,Male (All Ages)
Cameroon,CMR,AFR,2023,0-14,a,1279,1193,,,,93,Children (0-14)
Cameroon,CMR,AFR,2023,a,f,8782,7859,35,440,331,89,Female (All Ages)
Cameroon,CMR,AFR,2023,a,m,15845,14089,80,786,687,89,Male (All Ages)
Canada,CAN,AMR,2018,0-14,a,98,88,0,1,0,90,Children (0-14)
Canada,CAN,AMR,2019,0-14,a,114,100,0,1,1,88,Children (0-14)
Canada,CAN,AMR,2022,0-14,a,129,104,0,0,0,81,Children (0-14)
Canada,CAN,AMR,2023,0-14,a,139,114,0,4,1,82,Children (0-14)
Cayman Islands,CYM,AMR,2019,0-14,a,0,0,0,0,0,,Children (0-14)
Cayman Islands,CYM,AMR,2021,0-14,a,0,0,0,0,0,,Children (0-14)
Cayman Islands,CYM,AMR,2022,0-14,a,0,0,0,0,0,,Children (0-14)
Central African Republic,CAF,AFR,2019,0-14,a,1150,924,,,,80,Children (0-14)
Central African Republic,CAF,AFR,2019,a,f,4100,3416,10,98,192,83,Female (All Ages)
Central African Republic,CAF,AFR,2019,a,m,6647,5249,43,458,897,79,Male (All Ages)
Central African Republic,CAF,AFR,2020,0-14,a,1629,1141,,,,70,Children (0-14)
Central African Republic,CAF,AFR,2021,0-14,a,1689,1248,,,,74,Children (0-14)
Central African Republic,CAF,AFR,2022,0-14,a,1693,1575,,,,93,Children (0-14)
Central African Republic,CAF,AFR,2023,0-14,a,1987,1683,,,,85,Children (0-14)
Chad,TCD,AFR,2018,0-14,a,950,722,,,,76,Children (0-14)
Chad,TCD,AFR,2019,0-14,a,1043,1007,,,,97,Children (0-14)
Chad,TCD,AFR,2020,0-14,a,927,777,,,,84,Children (0-14)
Chad,TCD,AFR,2021,0-14,a,898,742,,,,83,Children (0-14)
Chad,TCD,AFR,2022,0-14,a,1065,848,,,,80,Children (0-14)
Chad,TCD,AFR,2023,0-14,a,965,818,,,,85,Children (0-14)
Chile,CHL,AMR,2013,0-14,a,59,,,,,0,Children (0-14)
Chile,CHL,AMR,2014,0-14,a,57,40,0,1,0,70,Children (0-14)
Chile,CHL,AMR,2015,0-14,a,54,52,1,1,0,96,Children (0-14)
Chile,CHL,AMR,2016,0-14,a,45,45,0,0,0,100,Children (0-14)
Chile,CHL,AMR,2017,0-14,a,40,40,0,0,0,100,Children (0-14)
Chile,CHL,AMR,2018,0-14,a,76,70,0,0,0,92,Children (0-14)
Chile,CHL,AMR,2019,0-14,a,54,42,0,1,7,78,Children (0-14)
Chile,CHL,AMR,2020,0-14,a,61,53,0,1,2,87,Children (0-14)
Chile,CHL,AMR,2021,0-14,a,87,77,0,1,5,89,Children (0-14)
Chile,CHL,AMR,2022,0-14,a,83,77,0,0,1,93,Children (0-14)
Chile,CHL,AMR,2023,0-14,a,104,97,0,1,4,93,Children (0-14)
China,CHN,WPR,2018,0-14,a,6421,6001,,,,93,Children (0-14)
China,CHN,WPR,2019,0-14,a,6665,6221,,,,93,Children (0-14)
China,CHN,WPR,2019,a,f,221470,211543,838,3234,3441,96,Female (All Ages)
China,CHN,WPR,2019,a,m,490495,461230,3159,12195,10290,94,Male (All Ages)
China,CHN,WPR,2020,0-14,a,6827,6583,,,,96,Children (0-14)
China,CHN,WPR,2020,a,f,193300,185233,608,2844,2710,96,Female (All Ages)
China,CHN,WPR,2020,a,m,415437,391053,2401,11126,7699,94,Male (All Ages)
China,CHN,WPR,2021,0-14,a,6810,6545,,,,96,Children (0-14)
China,CHN,WPR,2021,a,f,182056,173380,410,2701,2490,95,Female (All Ages)
China,CHN,WPR,2021,a,m,388854,364207,1845,10826,6824,94,Male (All Ages)
China,CHN,WPR,2022,0-14,a,6293,5710,,,,91,Children (0-14)
China,CHN,WPR,2022,a,f,158275,151814,305,2764,1859,96,Female (All Ages)
China,CHN,WPR,2022,a,m,335122,315029,1313,11131,5316,94,Male (All Ages)
China,CHN,WPR,2023,0-14,a,6495,6230,,,,96,Children (0-14)
China,CHN,WPR,2023,a,f,181463,174098,339,3139,2131,96,Female (All Ages)
China,CHN,WPR,2023,a,m,367376,344555,1472,12525,6651,94,Male (All Ages)
"China, Hong Kong SAR",HKG,WPR,2018,0-14,a,20,11,,,,55,Children (0-14)
"China, Hong Kong SAR",HKG,WPR,2019,0-14,a,18,15,,,,83,Children (0-14)
"China, Hong Kong SAR",HKG,WPR,2020,0-14,a,12,12,,,,100,Children (0-14)
"China, Hong Kong SAR",HKG,WPR,2021,0-14,a,20,20,,,,100,Children (0-14)
"China, Hong Kong SAR",HKG,WPR,2022,0-14,a,11,11,,,,100,Children (0-14)
"China, Hong Kong SAR",HKG,WPR,2023,0-14,a,14,14,,,,100,Children (0-14)
"China, Macao SAR",MAC,WPR,2018,0-14,a,2,2,,,,100,Children (0-14)
"China, Macao SAR",MAC,WPR,2019,0-14,a,2,2,,,,100,Children (0-14)
"China, Macao SAR",MAC,WPR,2020,0-14,a,3,3,,,,100,Children (0-14)
"China, Macao SAR",MAC,WPR,2021,0-14,a,4,2,,,,50,Children (0-14)
"China, Macao SAR",MAC,WPR,2022,0-14,a,1,1,,,,100,Children (0-14)
"China, Macao SAR",MAC,WPR,2023,0-14,a,3,3,,,,100,Children (0-14)
Colombia,COL,AMR,2013,0-14,a,571,334,14,19,17,58,Children (0-14)
Colombia,COL,AMR,2014,0-14,a,529,445,1,23,42,84,Children (0-14)
Colombia,COL,AMR,2015,0-14,a,454,384,1,23,28,85,Children (0-14)
Colombia,COL,AMR,2016,0-14,a,826,508,14,53,99,62,Children (0-14)
Colombia,COL,AMR,2017,0-14,a,493,340,0,18,23,69,Children (0-14)
Colombia,COL,AMR,2018,0-14,a,425,343,4,27,34,81,Children (0-14)
Colombia,COL,AMR,2019,0-14,a,387,303,2,36,31,78,Children (0-14)
Colombia,COL,AMR,2020,0-14,a,297,237,2,28,18,80,Children (0-14)
Colombia,COL,AMR,2021,0-14,a,316,251,1,19,21,79,Children (0-14)
Colombia,COL,AMR,2022,0-14,a,564,451,4,37,48,80,Children (0-14)
Colombia,COL,AMR,2023,0-14,a,575,442,3,39,60,77,Children (0-14)
Comoros,COM,AFR,2022,0-14,a,12,12,,,,100,Children (0-14)
Comoros,COM,AFR,2023,0-14,a,10,10,,,,100,Children (0-14)
Congo,COG,AFR,2018,0-14,a,0,0,,,,,Children (0-14)
Cook Islands,COK,WPR,2019,0-14,a,0,0,,,,,Children (0-14)
Cook Islands,COK,WPR,2022,0-14,a,0,,,,,,Children (0-14)
Costa Rica,CRI,AMR,2013,0-14,a,30,28,0,1,0,93,Children (0-14)
Costa Rica,CRI,AMR,2018,0-14,a,13,13,0,0,0,100,Children (0-14)
Costa Rica,CRI,AMR,2020,0-14,a,8,7,0,0,0,88,Children (0-14)
Costa Rica,CRI,AMR,2021,0-14,a,8,8,0,0,0,100,Children (0-14)
Costa Rica,CRI,AMR,2023,0-14,a,20,20,0,0,0,100,Children (0-14)
Croatia,HRV,EUR,2013,0-14,a,4,1,0,0,1,25,Children (0-14)
Croatia,HRV,EUR,2014,0-14,a,2,1,0,0,0,50,Children (0-14)
Croatia,HRV,EUR,2015,0-14,a,0,0,0,0,0,,Children (0-14)
Croatia,HRV,EUR,2016,0-14,a,5,3,0,0,0,60,Children (0-14)
Croatia,HRV,EUR,2017,0-14,a,3,2,0,0,0,67,Children (0-14)
Croatia,HRV,EUR,2018,0-14,a,8,2,0,0,0,25,Children (0-14)
Croatia,HRV,EUR,2019,0-14,a,1,1,0,0,0,100,Children (0-14)
Croatia,HRV,EUR,2020,0-14,a,2,0,0,0,0,0,Children (0-14)
Croatia,HRV,EUR,2021,0-14,a,2,2,0,0,0,100,Children (0-14)
Croatia,HRV,EUR,2022,0-14,a,1,1,0,0,0,100,Children (0-14)
Croatia,HRV,EUR,2023,0-14,a,3,2,0,0,0,67,Children (0-14)
Cuba,CUB,AMR,2018,0-14,a,10,10,0,0,0,100,Children (0-14)
Cuba,CUB,AMR,2019,0-14,a,6,5,0,1,0,83,Children (0-14)
Cuba,CUB,AMR,2020,0-14,a,9,9,0,0,0,100,Children (0-14)
Cuba,CUB,AMR,2021,0-14,a,8,8,0,0,0,100,Children (0-14)
Cuba,CUB,AMR,2022,0-14,a,13,13,0,0,0,100,Children (0-14)
Cuba,CUB,AMR,2023,0-14,a,14,13,0,0,0,93,Children (0-14)
Cyprus,CYP,EUR,2013,0-14,a,0,0,0,0,0,,Children (0-14)
Cyprus,CYP,EUR,2014,0-14,a,0,0,0,0,0,,Children (0-14)
Cyprus,CYP,EUR,2015,0-14,a,0,0,0,0,0,,Children (0-14)
Cyprus,CYP,EUR,2016,0-14,a,0,0,0,0,0,,Children (0-14)
Cyprus,CYP,EUR,2017,0-14,a,3,1,0,1,0,33,Children (0-14)
Cyprus,CYP,EUR,2018,0-14,a,1,1,0,0,0,100,Children (0-14)
Cyprus,CYP,EUR,2019,0-14,a,2,0,0,0,0,0,Children (0-14)
Cyprus,CYP,EUR,2020,0-14,a,0,0,0,0,0,,Children (0-14)
Cyprus,CYP,EUR,2021,0-14,a,0,0,0,0,0,,Children (0-14)
Cyprus,CYP,EUR,2022,0-14,a,2,0,0,0,0,0,Children (0-14)
Cyprus,CYP,EUR,2023,0-14,a,3,0,0,0,0,0,Children (0-14)
Czechia,CZE,EUR,2013,0-14,a,5,2,0,0,1,40,Children (0-14)
Czechia,CZE,EUR,2014,0-14,a,5,4,0,0,0,80,Children (0-14)
Czechia,CZE,EUR,2015,0-14,a,5,5,0,0,0,100,Children (0-14)
Czechia,CZE,EUR,2016,0-14,a,10,8,0,0,2,80,Children (0-14)
Czechia,CZE,EUR,2017,0-14,a,6,5,0,0,1,83,Children (0-14)
Czechia,CZE,EUR,2018,0-14,a,5,4,0,0,0,80,Children (0-14)
Czechia,CZE,EUR,2019,0-14,a,4,4,0,0,0,100,Children (0-14)
Czechia,CZE,EUR,2020,0-14,a,2,2,0,0,0,100,Children (0-14)
Czechia,CZE,EUR,2021,0-14,a,12,11,0,0,1,92,Children (0-14)
Czechia,CZE,EUR,2022,0-14,a,11,5,0,0,6,45,Children (0-14)
Czechia,CZE,EUR,2023,0-14,a,27,27,0,0,0,100,Children (0-14)
Democratic People's Republic of Korea,PRK,SEA,2022,0-14,a,4084,,,,,0,Children (0-14)
Congo,COD,AFR,2018,0-14,a,18453,15237,,,,83,Children (0-14)
Congo,COD,AFR,2019,0-14,a,19677,17613,,,,90,Children (0-14)
Congo,COD,AFR,2020,0-14,a,22342,20276,,,,91,Children (0-14)
Congo,COD,AFR,2021,0-14,a,26773,26011,,,,97,Children (0-14)
Congo,COD,AFR,2022,0-14,a,32745,31982,,,,98,Children (0-14)
Congo,COD,AFR,2023,0-14,a,34614,33812,,,,98,Children (0-14)
Denmark,DNK,EUR,2013,0-14,a,22,11,0,0,0,50,Children (0-14)
Denmark,DNK,EUR,2014,0-14,a,9,4,0,0,0,44,Children (0-14)
Denmark,DNK,EUR,2015,0-14,a,14,2,0,0,0,14,Children (0-14)
Denmark,DNK,EUR,2016,0-14,a,18,3,0,0,0,17,Children (0-14)
Denmark,DNK,EUR,2017,0-14,a,0,0,0,0,0,,Children (0-14)
Denmark,DNK,EUR,2018,0-14,a,10,0,0,0,0,0,Children (0-14)
Denmark,DNK,EUR,2019,0-14,a,16,0,0,0,0,0,Children (0-14)
Denmark,DNK,EUR,2020,0-14,a,10,3,0,0,0,30,Children (0-14)
Denmark,DNK,EUR,2021,0-14,a,6,0,0,0,0,0,Children (0-14)
Denmark,DNK,EUR,2022,0-14,a,4,1,0,0,0,25,Children (0-14)
Denmark,DNK,EUR,2023,0-14,a,9,1,0,0,0,11,Children (0-14)
Djibouti,DJI,EMR,2018,0-14,a,236,189,,,,80,Children (0-14)
Djibouti,DJI,EMR,2019,0-14,a,168,164,,,,98,Children (0-14)
Djibouti,DJI,EMR,2021,0-14,a,49,49,,,,100,Children (0-14)
Dominica,DMA,AMR,2018,0-14,a,0,0,0,0,0,,Children (0-14)
Dominica,DMA,AMR,2020,0-14,a,0,0,0,0,0,,Children (0-14)
Dominica,DMA,AMR,2021,0-14,a,0,0,0,0,0,,Children (0-14)
Dominica,DMA,AMR,2022,0-14,a,0,0,0,0,0,,Children (0-14)
Dominica,DMA,AMR,2023,0-14,a,0,0,0,0,0,,Children (0-14)
Dominican Republic,DOM,AMR,2013,0-14,a,0,0,0,0,0,,Children (0-14)
Dominican Republic,DOM,AMR,2014,0-14,a,0,0,0,0,0,,Children (0-14)
Dominican Republic,DOM,AMR,2015,0-14,a,136,112,2,5,16,82,Children (0-14)
Dominican Republic,DOM,AMR,2016,0-14,a,131,104,1,3,14,79,Children (0-14)
Dominican Republic,DOM,AMR,2017,0-14,a,106,81,0,4,12,76,Children (0-14)
Dominican Republic,DOM,AMR,2018,0-14,a,103,87,0,1,11,84,Children (0-14)
Dominican Republic,DOM,AMR,2019,0-14,a,71,64,0,4,2,90,Children (0-14)
Dominican Republic,DOM,AMR,2020,0-14,a,34,33,0,0,1,97,Children (0-14)
Dominican Republic,DOM,AMR,2021,0-14,a,44,40,0,2,2,91,Children (0-14)
Dominican Republic,DOM,AMR,2022,0-14,a,73,64,0,2,7,88,Children (0-14)
Dominican Republic,DOM,AMR,2023,0-14,a,125,112,0,2,11,90,Children (0-14)
Egypt,EGY,EMR,2019,0-14,a,488,488,,,,100,Children (0-14)
Egypt,EGY,EMR,2020,0-14,a,471,471,,,,100,Children (0-14)
Egypt,EGY,EMR,2021,0-14,a,474,474,,,,100,Children (0-14)
Egypt,EGY,EMR,2022,0-14,a,469,413,,,,88,Children (0-14)
Egypt,EGY,EMR,2023,0-14,a,560,534,,,,95,Children (0-14)
El Salvador,SLV,AMR,2015,0-14,a,8,8,0,0,0,100,Children (0-14)
El Salvador,SLV,AMR,2016,0-14,a,8,8,0,0,0,100,Children (0-14)
El Salvador,SLV,AMR,2017,0-14,a,7,7,0,0,0,100,Children (0-14)
El Salvador,SLV,AMR,2018,0-14,a,135,128,0,2,5,95,Children (0-14)
El Salvador,SLV,AMR,2019,0-14,a,135,128,0,0,7,95,Children (0-14)
Equatorial Guinea,GNQ,AFR,2018,0-14,a,90,67,,,,74,Children (0-14)
Equatorial Guinea,GNQ,AFR,2019,0-14,a,21,15,,,,71,Children (0-14)
Equatorial Guinea,GNQ,AFR,2020,0-14,a,98,70,,,,71,Children (0-14)
Equatorial Guinea,GNQ,AFR,2021,0-14,a,108,65,,,,60,Children (0-14)
Equatorial Guinea,GNQ,AFR,2022,0-14,a,185,151,,,,82,Children (0-14)
Equatorial Guinea,GNQ,AFR,2023,0-14,a,143,105,,,,73,Children (0-14)
Estonia,EST,EUR,2013,0-14,a,1,1,0,0,0,100,Children (0-14)
Estonia,EST,EUR,2014,0-14,a,1,1,0,0,0,100,Children (0-14)
Estonia,EST,EUR,2015,0-14,a,2,2,0,0,0,100,Children (0-14)
Estonia,EST,EUR,2016,0-14,a,4,4,0,0,0,100,Children (0-14)
Estonia,EST,EUR,2017,0-14,a,0,0,0,0,0,,Children (0-14)
Estonia,EST,EUR,2018,0-14,a,2,2,0,0,0,100,Children (0-14)
Estonia,EST,EUR,2019,0-14,a,1,1,0,0,0,100,Children (0-14)
Estonia,EST,EUR,2020,0-14,a,1,1,0,0,0,100,Children (0-14)
Estonia,EST,EUR,2021,0-14,a,0,0,0,0,0,,Children (0-14)
Estonia,EST,EUR,2022,0-14,a,0,0,0,0,0,,Children (0-14)
Estonia,EST,EUR,2023,0-14,a,2,2,0,0,0,100,Children (0-14)
Eswatini,SWZ,AFR,2018,0-14,a,161,152,,,,94,Children (0-14)
Eswatini,SWZ,AFR,2019,0-14,a,176,158,,,,90,Children (0-14)
Eswatini,SWZ,AFR,2020,0-14,a,99,90,,,,91,Children (0-14)
Eswatini,SWZ,AFR,2020,a,f,830,663,5,119,21,80,Female (All Ages)
Eswatini,SWZ,AFR,2020,a,m,1119,908,57,76,36,81,Male (All Ages)
Eswatini,SWZ,AFR,2021,0-14,a,82,74,,,,90,Children (0-14)
Eswatini,SWZ,AFR,2021,a,f,737,587,7,96,30,80,Female (All Ages)
Eswatini,SWZ,AFR,2021,a,m,1085,851,10,141,50,78,Male (All Ages)
Eswatini,SWZ,AFR,2022,0-14,a,129,115,,,,89,Children (0-14)
Eswatini,SWZ,AFR,2022,a,f,928,784,9,86,24,84,Female (All Ages)
Eswatini,SWZ,AFR,2022,a,m,1361,1108,20,134,58,81,Male (All Ages)
Eswatini,SWZ,AFR,2023,0-14,a,185,153,,,,83,Children (0-14)
Eswatini,SWZ,AFR,2023,a,f,908,757,12,72,44,83,Female (All Ages)
Eswatini,SWZ,AFR,2023,a,m,1264,1037,10,110,54,82,Male (All Ages)
Fiji,FJI,WPR,2018,0-14,a,76,48,,,,63,Children (0-14)
Fiji,FJI,WPR,2020,0-14,a,128,46,,,,36,Children (0-14)
Fiji,FJI,WPR,2021,0-14,a,48,18,,,,38,Children (0-14)
Fiji,FJI,WPR,2022,0-14,a,94,36,,,,38,Children (0-14)
Fiji,FJI,WPR,2023,0-14,a,25,16,,,,64,Children (0-14)
Finland,FIN,EUR,2013,0-14,a,0,0,0,0,0,,Children (0-14)
Finland,FIN,EUR,2014,0-14,a,9,1,0,0,0,11,Children (0-14)
Finland,FIN,EUR,2015,0-14,a,11,3,0,0,0,27,Children (0-14)
Finland,FIN,EUR,2016,0-14,a,6,1,0,0,0,17,Children (0-14)
Finland,FIN,EUR,2017,0-14,a,6,5,0,0,0,83,Children (0-14)
Finland,FIN,EUR,2018,0-14,a,2,2,0,0,0,100,Children (0-14)
Finland,FIN,EUR,2019,0-14,a,9,0,0,0,0,0,Children (0-14)
Finland,FIN,EUR,2020,0-14,a,5,2,0,0,0,40,Children (0-14)
Finland,FIN,EUR,2021,0-14,a,4,1,0,0,0,25,Children (0-14)
Finland,FIN,EUR,2022,0-14,a,7,0,0,0,0,0,Children (0-14)
Finland,FIN,EUR,2023,0-14,a,2,2,0,0,0,100,Children (0-14)
France,FRA,EUR,2016,0-14,a,253,122,0,1,10,48,Children (0-14)
France,FRA,EUR,2017,0-14,a,318,91,0,3,4,29,Children (0-14)
France,FRA,EUR,2018,0-14,a,230,26,0,0,1,11,Children (0-14)
France,FRA,EUR,2019,0-14,a,217,22,0,1,0,10,Children (0-14)
France,FRA,EUR,2020,0-14,a,187,81,0,1,1,43,Children (0-14)
France,FRA,EUR,2021,0-14,a,170,59,0,1,5,35,Children (0-14)
France,FRA,EUR,2022,0-14,a,183,66,0,1,5,36,Children (0-14)
France,FRA,EUR,2023,0-14,a,248,43,0,0,1,17,Children (0-14)
French Polynesia,PYF,WPR,2020,0-14,a,6,6,,,,100,Children (0-14)
French Polynesia,PYF,WPR,2022,0-14,a,3,3,,,,100,Children (0-14)
Gabon,GAB,AFR,2019,0-14,a,378,378,,,,100,Children (0-14)
Georgia,GEO,EUR,2013,0-14,a,179,161,0,2,9,90,Children (0-14)
Georgia,GEO,EUR,2014,0-14,a,125,117,1,0,5,94,Children (0-14)
Georgia,GEO,EUR,2015,0-14,a,137,127,0,1,6,93,Children (0-14)
Georgia,GEO,EUR,2016,0-14,a,115,106,1,0,5,92,Children (0-14)
Georgia,GEO,EUR,2017,0-14,a,93,84,0,0,2,90,Children (0-14)
Georgia,GEO,EUR,2018,0-14,a,61,60,0,0,1,98,Children (0-14)
Georgia,GEO,EUR,2019,0-14,a,65,62,1,0,2,95,Children (0-14)
Georgia,GEO,EUR,2020,0-14,a,47,45,0,1,0,96,Children (0-14)
Georgia,GEO,EUR,2021,0-14,a,41,35,0,0,6,85,Children (0-14)
Georgia,GEO,EUR,2022,0-14,a,45,42,1,0,2,93,Children (0-14)
Georgia,GEO,EUR,2023,0-14,a,51,51,0,0,0,100,Children (0-14)
Germany,DEU,EUR,2013,0-14,a,172,136,0,4,3,79,Children (0-14)
Germany,DEU,EUR,2014,0-14,a,138,109,0,0,1,79,Children (0-14)
Germany,DEU,EUR,2015,0-14,a,192,128,0,2,5,67,Children (0-14)
Germany,DEU,EUR,2016,0-14,a,223,168,0,1,2,75,Children (0-14)
Germany,DEU,EUR,2017,0-14,a,235,191,1,1,3,81,Children (0-14)
Germany,DEU,EUR,2018,0-14,a,207,158,0,1,4,76,Children (0-14)
Germany,DEU,EUR,2019,0-14,a,192,152,0,1,3,79,Children (0-14)
Germany,DEU,EUR,2020,0-14,a,168,142,0,0,1,85,Children (0-14)
Germany,DEU,EUR,2021,0-14,a,155,124,0,0,5,80,Children (0-14)
Germany,DEU,EUR,2022,0-14,a,184,131,0,1,4,71,Children (0-14)
Germany,DEU,EUR,2023,0-14,a,228,173,0,3,6,76,Children (0-14)
Ghana,GHA,AFR,2018,0-14,a,747,604,,,,81,Children (0-14)
Ghana,GHA,AFR,2019,0-14,a,822,654,,,,80,Children (0-14)
Ghana,GHA,AFR,2020,0-14,a,615,506,,,,82,Children (0-14)
Ghana,GHA,AFR,2022,0-14,a,823,692,,,,84,Children (0-14)
Ghana,GHA,AFR,2023,0-14,a,823,712,,,,87,Children (0-14)
Greece,GRC,EUR,2018,0-14,a,5,0,0,0,0,0,Children (0-14)
Greenland,GRL,EUR,2014,0-14,a,2,2,0,0,0,100,Children (0-14)
Greenland,GRL,EUR,2015,0-14,a,5,5,0,0,0,100,Children (0-14)
Greenland,GRL,EUR,2016,0-14,a,2,2,0,0,0,100,Children (0-14)
Grenada,GRD,AMR,2018,0-14,a,0,0,0,0,0,,Children (0-14)
Grenada,GRD,AMR,2019,0-14,a,0,0,0,0,0,,Children (0-14)
Grenada,GRD,AMR,2020,0-14,a,0,0,0,0,0,,Children (0-14)
Grenada,GRD,AMR,2021,0-14,a,0,0,0,0,0,,Children (0-14)
Grenada,GRD,AMR,2022,0-14,a,0,0,0,0,0,,Children (0-14)
Grenada,GRD,AMR,2023,0-14,a,0,0,0,0,0,,Children (0-14)
Guam,GUM,WPR,2018,0-14,a,9,9,,,,100,Children (0-14)
Guam,GUM,WPR,2019,0-14,a,10,9,,,,90,Children (0-14)
Guam,GUM,WPR,2020,0-14,a,0,0,,,,,Children (0-14)
Guam,GUM,WPR,2021,0-14,a,5,5,,,,100,Children (0-14)
Guam,GUM,WPR,2022,0-14,a,6,5,,,,83,Children (0-14)
Guam,GUM,WPR,2023,0-14,a,5,5,,,,100,Children (0-14)
Guatemala,GTM,AMR,2013,0-14,a,274,267,1,2,3,97,Children (0-14)
Guatemala,GTM,AMR,2014,0-14,a,264,252,1,8,3,95,Children (0-14)
Guatemala,GTM,AMR,2015,0-14,a,292,280,0,3,8,96,Children (0-14)
Guatemala,GTM,AMR,2016,0-14,a,214,204,0,6,4,95,Children (0-14)
Guatemala,GTM,AMR,2017,0-14,a,272,255,0,4,11,94,Children (0-14)
Guatemala,GTM,AMR,2018,0-14,a,213,210,0,3,0,99,Children (0-14)
Guatemala,GTM,AMR,2019,0-14,a,443,420,0,2,21,95,Children (0-14)
Guatemala,GTM,AMR,2020,0-14,a,368,358,0,8,2,97,Children (0-14)
Guatemala,GTM,AMR,2021,0-14,a,356,348,1,5,2,98,Children (0-14)
Guatemala,GTM,AMR,2022,0-14,a,450,428,2,7,13,95,Children (0-14)
Guinea-Bissau,GNB,AFR,2020,a,f,968,747,7,90,97,77,Female (All Ages)
Guinea-Bissau,GNB,AFR,2020,a,m,1574,1161,15,152,192,74,Male (All Ages)
Guinea-Bissau,GNB,AFR,2021,a,f,924,722,9,63,104,78,Female (All Ages)
Guinea-Bissau,GNB,AFR,2021,a,m,1566,1136,32,96,235,73,Male (All Ages)
Guinea-Bissau,GNB,AFR,2023,a,f,869,663,1,73,113,76,Female (All Ages)
Guinea-Bissau,GNB,AFR,2023,a,m,1783,1332,11,124,294,75,Male (All Ages)
Guyana,GUY,AMR,2013,0-14,a,20,13,0,2,4,65,Children (0-14)
Guyana,GUY,AMR,2014,0-14,a,11,8,0,0,3,73,Children (0-14)
Guyana,GUY,AMR,2015,0-14,a,18,14,0,0,2,78,Children (0-14)
Guyana,GUY,AMR,2016,0-14,a,17,14,0,1,0,82,Children (0-14)
Guyana,GUY,AMR,2017,0-14,a,10,8,0,0,0,80,Children (0-14)
Guyana,GUY,AMR,2018,0-14,a,11,8,0,0,3,73,Children (0-14)
Guyana,GUY,AMR,2019,0-14,a,15,13,0,1,1,87,Children (0-14)
Guyana,GUY,AMR,2020,0-14,a,5,4,0,0,1,80,Children (0-14)
Guyana,GUY,AMR,2021,0-14,a,8,7,,,1,88,Children (0-14)
Guyana,GUY,AMR,2022,0-14,a,8,7,0,0,1,88,Children (0-14)
Guyana,GUY,AMR,2023,0-14,a,6,6,0,0,0,100,Children (0-14)
Haiti,HTI,AMR,2013,0-14,a,1905,1562,95,9,19,82,Children (0-14)
Haiti,HTI,AMR,2014,0-14,a,1693,1373,2,71,154,81,Children (0-14)
Haiti,HTI,AMR,2015,0-14,a,1594,1299,6,79,167,81,Children (0-14)
Haiti,HTI,AMR,2016,0-14,a,1383,1160,4,54,132,84,Children (0-14)
Haiti,HTI,AMR,2017,0-14,a,1611,1296,5,69,111,80,Children (0-14)
Haiti,HTI,AMR,2019,0-14,a,1201,984,3,47,119,82,Children (0-14)
Haiti,HTI,AMR,2020,0-14,a,976,803,2,50,113,82,Children (0-14)
Haiti,HTI,AMR,2021,0-14,a,926,773,2,30,102,83,Children (0-14)
Honduras,HND,AMR,2015,0-14,a,119,106,0,5,0,89,Children (0-14)
Honduras,HND,AMR,2016,0-14,a,138,124,0,3,4,90,Children (0-14)
Honduras,HND,AMR,2017,0-14,a,102,93,0,6,3,91,Children (0-14)
Honduras,HND,AMR,2018,0-14,a,78,72,0,2,4,92,Children (0-14)
Honduras,HND,AMR,2019,0-14,a,49,47,0,1,1,96,Children (0-14)
Honduras,HND,AMR,2020,0-14,a,41,39,0,1,1,95,Children (0-14)
Honduras,HND,AMR,2021,0-14,a,51,46,0,1,1,90,Children (0-14)
Honduras,HND,AMR,2022,0-14,a,57,52,0,1,0,91,Children (0-14)
Honduras,HND,AMR,2023,0-14,a,64,59,0,2,2,92,Children (0-14)
Hungary,HUN,EUR,2013,0-14,a,7,5,0,0,1,71,Children (0-14)
Hungary,HUN,EUR,2014,0-14,a,4,4,0,0,0,100,Children (0-14)
Hungary,HUN,EUR,2015,0-14,a,9,8,0,0,1,89,Children (0-14)
Hungary,HUN,EUR,2016,0-14,a,5,5,0,0,0,100,Children (0-14)
Hungary,HUN,EUR,2017,0-14,a,6,5,1,0,0,83,Children (0-14)
Hungary,HUN,EUR,2018,0-14,a,3,1,0,1,0,33,Children (0-14)
Hungary,HUN,EUR,2019,0-14,a,10,8,0,0,0,80,Children (0-14)
Hungary,HUN,EUR,2020,0-14,a,5,4,0,0,0,80,Children (0-14)
Hungary,HUN,EUR,2021,0-14,a,4,4,0,0,0,100,Children (0-14)
Hungary,HUN,EUR,2022,0-14,a,6,2,0,1,0,33,Children (0-14)
Hungary,HUN,EUR,2023,0-14,a,6,5,0,0,0,83,Children (0-14)
Iceland,ISL,EUR,2013,0-14,a,0,0,0,0,0,,Children (0-14)
Iceland,ISL,EUR,2014,0-14,a,0,0,0,0,0,,Children (0-14)
Iceland,ISL,EUR,2015,0-14,a,0,0,0,0,0,,Children (0-14)
Iceland,ISL,EUR,2016,0-14,a,0,0,0,0,0,,Children (0-14)
Iceland,ISL,EUR,2017,0-14,a,0,0,0,0,0,,Children (0-14)
Iceland,ISL,EUR,2018,0-14,a,0,0,0,0,0,,Children (0-14)
Iceland,ISL,EUR,2019,0-14,a,0,0,0,0,0,,Children (0-14)
Iceland,ISL,EUR,2020,0-14,a,2,2,0,0,0,100,Children (0-14)
Iceland,ISL,EUR,2021,0-14,a,0,0,0,0,0,,Children (0-14)
Iceland,ISL,EUR,2022,0-14,a,0,0,0,0,0,,Children (0-14)
Iceland,ISL,EUR,2023,0-14,a,1,1,0,0,0,100,Children (0-14)
India,IND,SEA,2018,0-14,a,124797,105890,,,,85,Children (0-14)
India,IND,SEA,2019,0-14,a,144835,127503,,,,88,Children (0-14)
India,IND,SEA,2019,a,f,810816,698203,3760,23080,24067,86,Female (All Ages)
India,IND,SEA,2019,a,m,1341747,1109096,8690,59876,52645,83,Male (All Ages)
India,IND,SEA,2020,0-14,a,96638,85025,,,,88,Children (0-14)
India,IND,SEA,2020,a,f,622946,542209,2740,20668,16032,87,Female (All Ages)
India,IND,SEA,2020,a,m,981012,822665,5495,49607,32040,84,Male (All Ages)
India,IND,SEA,2021,0-14,a,110884,100162,,,,90,Children (0-14)
India,IND,SEA,2021,a,f,757843,671013,3216,25990,17099,89,Female (All Ages)
India,IND,SEA,2021,a,m,1147916,982624,6117,62038,31868,86,Male (All Ages)
India,IND,SEA,2022,0-14,a,127979,109844,,,,86,Children (0-14)
India,IND,SEA,2022,a,f,867851,785105,3606,25824,14989,90,Female (All Ages)
India,IND,SEA,2022,a,m,1326872,1158061,6774,63940,29506,87,Male (All Ages)
India,IND,SEA,2023,0-14,a,128946,119369,,,,93,Children (0-14)
India,IND,SEA,2023,a,f,906699,827647,3928,24991,12192,91,Female (All Ages)
India,IND,SEA,2023,a,m,1379415,1224356,7263,61636,23612,89,Male (All Ages)
Indonesia,IDN,WPR,2018,0-14,a,68529,56806,,,,83,Children (0-14)
Indonesia,IDN,WPR,2019,0-14,a,70004,58002,,,,83,Children (0-14)
Indonesia,IDN,WPR,2019,a,f,236171,198140,788,4361,12056,84,Female (All Ages)
Indonesia,IDN,WPR,2019,a,m,319570,264268,1301,8489,18511,83,Male (All Ages)
Indonesia,IDN,WPR,2020,0-14,a,34368,30865,,,,90,Children (0-14)
Indonesia,IDN,WPR,2020,a,f,153780,134586,486,4551,9503,88,Female (All Ages)
Indonesia,IDN,WPR,2020,a,m,208743,177456,719,9134,15146,85,Male (All Ages)
Indonesia,IDN,WPR,2021,0-14,a,38349,34517,,,,90,Children (0-14)
Indonesia,IDN,WPR,2021,a,f,166610,146595,508,5147,10708,88,Female (All Ages)
Indonesia,IDN,WPR,2021,a,m,224635,192143,733,10049,16810,86,Male (All Ages)
Indonesia,IDN,WPR,2022,0-14,a,106254,97738,,,,92,Children (0-14)
Indonesia,IDN,WPR,2022,a,f,269624,237491,681,7765,18598,88,Female (All Ages)
Indonesia,IDN,WPR,2022,a,m,360683,308551,1122,14820,29281,86,Male (All Ages)
Indonesia,IDN,WPR,2023,0-14,a,130653,119667,,,,92,Children (0-14)
Indonesia,IDN,WPR,2023,a,f,306439,267083,747,9430,22825,87,Female (All Ages)
Indonesia,IDN,WPR,2023,a,m,412375,348232,1328,17525,36494,84,Male (All Ages)
Iran (Islamic Republic of),IRN,EMR,2018,0-14,a,314,280,,,,89,Children (0-14)
Iran (Islamic Republic of),IRN,EMR,2019,0-14,a,320,279,,,,87,Children (0-14)
Iran (Islamic Republic of),IRN,EMR,2020,0-14,a,177,158,,,,89,Children (0-14)
Iran (Islamic Republic of),IRN,EMR,2021,0-14,a,202,170,,,,84,Children (0-14)
Iran (Islamic Republic of),IRN,EMR,2022,0-14,a,252,220,,,,87,Children (0-14)
Iran (Islamic Republic of),IRN,EMR,2023,0-14,a,189,162,,,,86,Children (0-14)
Ireland,IRL,EUR,2013,0-14,a,9,6,0,0,0,67,Children (0-14)
Ireland,IRL,EUR,2014,0-14,a,7,4,0,0,1,57,Children (0-14)
Ireland,IRL,EUR,2015,0-14,a,14,11,0,0,0,79,Children (0-14)
Ireland,IRL,EUR,2016,0-14,a,16,4,0,0,0,25,Children (0-14)
Ireland,IRL,EUR,2017,0-14,a,7,1,0,1,0,14,Children (0-14)
Ireland,IRL,EUR,2018,0-14,a,7,3,0,0,0,43,Children (0-14)
Ireland,IRL,EUR,2019,0-14,a,10,1,0,0,0,10,Children (0-14)
Ireland,IRL,EUR,2020,0-14,a,6,0,0,0,0,0,Children (0-14)
Ireland,IRL,EUR,2021,0-14,a,1,0,0,0,0,0,Children (0-14)
Ireland,IRL,EUR,2022,0-14,a,5,2,0,0,0,40,Children (0-14)
Ireland,IRL,EUR,2023,0-14,a,8,0,0,0,0,0,Children (0-14)
Israel,ISR,EUR,2013,0-14,a,14,13,0,0,0,93,Children (0-14)
Israel,ISR,EUR,2014,0-14,a,29,21,0,0,0,72,Children (0-14)
Israel,ISR,EUR,2015,0-14,a,9,7,0,0,1,78,Children (0-14)
Israel,ISR,EUR,2016,0-14,a,12,11,0,0,0,92,Children (0-14)
Israel,ISR,EUR,2017,0-14,a,16,14,0,1,0,88,Children (0-14)
Israel,ISR,EUR,2018,0-14,a,16,15,1,0,0,94,Children (0-14)
Israel,ISR,EUR,2019,0-14,a,7,7,0,0,0,100,Children (0-14)
Israel,ISR,EUR,2020,0-14,a,4,4,0,0,0,100,Children (0-14)
Israel,ISR,EUR,2021,0-14,a,10,10,0,0,0,100,Children (0-14)
Israel,ISR,EUR,2022,0-14,a,25,23,0,2,0,92,Children (0-14)
Israel,ISR,EUR,2023,0-14,a,13,12,0,0,0,92,Children (0-14)
Jamaica,JAM,AMR,2013,0-14,a,12,12,0,0,0,100,Children (0-14)
Jamaica,JAM,AMR,2015,0-14,a,13,1,0,1,0,8,Children (0-14)
Jamaica,JAM,AMR,2016,0-14,a,7,1,0,0,0,14,Children (0-14)
Jamaica,JAM,AMR,2017,0-14,a,20,2,0,0,0,10,Children (0-14)
Jamaica,JAM,AMR,2018,0-14,a,9,1,0,0,0,11,Children (0-14)
Jamaica,JAM,AMR,2020,0-14,a,8,,,,,0,Children (0-14)
Jamaica,JAM,AMR,2023,0-14,a,6,2,,0,,33,Children (0-14)
Japan,JPN,WPR,2018,0-14,a,52,45,,,,87,Children (0-14)
Japan,JPN,WPR,2019,0-14,a,38,35,,,,92,Children (0-14)
Japan,JPN,WPR,2020,0-14,a,50,44,,,,88,Children (0-14)
Japan,JPN,WPR,2021,0-14,a,29,29,,,,100,Children (0-14)
Japan,JPN,WPR,2022,0-14,a,33,29,,,,88,Children (0-14)
Japan,JPN,WPR,2023,0-14,a,37,31,,,,84,Children (0-14)
Jordan,JOR,EMR,2018,0-14,a,32,32,,,,100,Children (0-14)
Jordan,JOR,EMR,2019,0-14,a,12,11,,,,92,Children (0-14)
Jordan,JOR,EMR,2020,0-14,a,15,11,,,,73,Children (0-14)
Jordan,JOR,EMR,2021,0-14,a,12,9,,,,75,Children (0-14)
Jordan,JOR,EMR,2022,0-14,a,19,16,,,,84,Children (0-14)
Jordan,JOR,EMR,2023,0-14,a,18,18,,,,100,Children (0-14)
Kazakhstan,KAZ,EUR,2013,0-14,a,454,444,7,2,0,98,Children (0-14)
Kazakhstan,KAZ,EUR,2014,0-14,a,401,390,0,4,3,97,Children (0-14)
Kazakhstan,KAZ,EUR,2015,0-14,a,354,348,4,1,1,98,Children (0-14)
Kazakhstan,KAZ,EUR,2016,0-14,a,560,557,1,0,1,99,Children (0-14)
Kazakhstan,KAZ,EUR,2017,0-14,a,333,326,3,4,0,98,Children (0-14)
Kazakhstan,KAZ,EUR,2018,0-14,a,274,267,6,0,1,97,Children (0-14)
Kazakhstan,KAZ,EUR,2019,0-14,a,274,271,2,1,0,99,Children (0-14)
Kazakhstan,KAZ,EUR,2020,0-14,a,227,224,3,0,0,99,Children (0-14)
Kazakhstan,KAZ,EUR,2020,a,f,2383,2149,55,162,14,90,Female (All Ages)
Kazakhstan,KAZ,EUR,2020,a,m,3359,2894,116,299,40,86,Male (All Ages)
Kazakhstan,KAZ,EUR,2021,0-14,a,199,191,6,2,0,96,Children (0-14)
Kazakhstan,KAZ,EUR,2021,a,f,2342,2124,48,146,23,91,Female (All Ages)
Kazakhstan,KAZ,EUR,2021,a,m,3279,2863,71,289,50,87,Male (All Ages)
Kazakhstan,KAZ,EUR,2022,0-14,a,190,188,0,1,0,99,Children (0-14)
Kazakhstan,KAZ,EUR,2022,a,f,2461,2260,25,154,15,92,Female (All Ages)
Kazakhstan,KAZ,EUR,2022,a,m,3461,3065,58,290,36,89,Male (All Ages)
Kazakhstan,KAZ,EUR,2023,0-14,a,209,201,3,2,1,96,Children (0-14)
Kazakhstan,KAZ,EUR,2023,a,f,2406,2223,31,135,13,92,Female (All Ages)
Kazakhstan,KAZ,EUR,2023,a,m,3389,3017,74,252,42,89,Male (All Ages)
Kenya,KEN,AFR,2018,0-14,a,9818,8779,,,,89,Children (0-14)
Kenya,KEN,AFR,2019,0-14,a,8223,7289,,,,89,Children (0-14)
Kenya,KEN,AFR,2019,a,f,29750,25707,108,1984,1302,86,Female (All Ages)
Kenya,KEN,AFR,2019,a,m,54299,46207,365,3264,3218,85,Male (All Ages)
Kenya,KEN,AFR,2020,0-14,a,5631,4928,,,,88,Children (0-14)
Kenya,KEN,AFR,2020,a,f,24837,21292,87,1884,1035,86,Female (All Ages)
Kenya,KEN,AFR,2020,a,m,45545,38442,316,3181,2607,84,Male (All Ages)
Kenya,KEN,AFR,2021,0-14,a,7413,6704,,,,90,Children (0-14)
Kenya,KEN,AFR,2021,a,f,25763,22843,78,1638,969,89,Female (All Ages)
Kenya,KEN,AFR,2021,a,m,49323,42691,357,3120,2671,87,Male (All Ages)
Kenya,KEN,AFR,2022,0-14,a,10240,9503,,,,93,Children (0-14)
Kenya,KEN,AFR,2022,a,f,31155,28021,130,1833,1028,90,Female (All Ages)
Kenya,KEN,AFR,2022,a,m,56534,49710,417,3284,2893,88,Male (All Ages)
Kenya,KEN,AFR,2023,0-14,a,12589,11794,,,,94,Children (0-14)
Kenya,KEN,AFR,2023,a,f,34272,31021,97,1821,1046,91,Female (All Ages)
Kenya,KEN,AFR,2023,a,m,59752,53062,393,3125,2670,89,Male (All Ages)
Kiribati,KIR,WPR,2018,0-14,a,43,41,,,,95,Children (0-14)
Kiribati,KIR,WPR,2019,0-14,a,75,71,,,,95,Children (0-14)
Kiribati,KIR,WPR,2020,0-14,a,75,72,,,,96,Children (0-14)
Kiribati,KIR,WPR,2021,0-14,a,46,43,,,,93,Children (0-14)
Kiribati,KIR,WPR,2022,0-14,a,55,51,,,,93,Children (0-14)
Kiribati,KIR,WPR,2023,0-14,a,150,145,,,,97,Children (0-14)
Kuwait,KWT,EMR,2018,0-14,a,12,12,,,,100,Children (0-14)
Kuwait,KWT,EMR,2019,0-14,a,13,13,,,,100,Children (0-14)
Kuwait,KWT,EMR,2020,0-14,a,13,12,,,,92,Children (0-14)
Kuwait,KWT,EMR,2021,0-14,a,10,10,,,,100,Children (0-14)
Kuwait,KWT,EMR,2022,0-14,a,9,9,,,,100,Children (0-14)
Kuwait,KWT,EMR,2023,0-14,a,8,8,,,,100,Children (0-14)
Kyrgyzstan,KGZ,EUR,2013,0-14,a,570,553,1,5,4,97,Children (0-14)
Kyrgyzstan,KGZ,EUR,2014,0-14,a,413,399,0,2,10,97,Children (0-14)
Kyrgyzstan,KGZ,EUR,2015,0-14,a,516,488,4,4,20,95,Children (0-14)
Kyrgyzstan,KGZ,EUR,2016,0-14,a,383,359,4,7,13,94,Children (0-14)
Kyrgyzstan,KGZ,EUR,2018,0-14,a,260,239,3,5,12,92,Children (0-14)
Kyrgyzstan,KGZ,EUR,2020,0-14,a,182,130,2,5,4,71,Children (0-14)
Kyrgyzstan,KGZ,EUR,2021,0-14,a,180,173,2,0,4,96,Children (0-14)
Kyrgyzstan,KGZ,EUR,2022,0-14,a,265,254,1,5,2,96,Children (0-14)
Kyrgyzstan,KGZ,EUR,2023,0-14,a,217,210,3,2,2,97,Children (0-14)
Lao People's Democratic Republic,LAO,WPR,2021,0-14,a,73,55,,,,75,Children (0-14)
Lao People's Democratic Republic,LAO,WPR,2022,0-14,a,99,78,,,,79,Children (0-14)
Lao People's Democratic Republic,LAO,WPR,2023,0-14,a,104,90,,,,87,Children (0-14)
Latvia,LVA,EUR,2013,0-14,a,45,45,0,0,0,100,Children (0-14)
Latvia,LVA,EUR,2014,0-14,a,41,41,0,0,0,100,Children (0-14)
Latvia,LVA,EUR,2015,0-14,a,25,25,0,0,0,100,Children (0-14)
Latvia,LVA,EUR,2016,0-14,a,23,23,0,0,0,100,Children (0-14)
Latvia,LVA,EUR,2023,0-14,a,9,0,0,0,0,0,Children (0-14)
Lebanon,LBN,EMR,2018,0-14,a,44,42,,,,95,Children (0-14)
Lebanon,LBN,EMR,2019,0-14,a,54,50,,,,93,Children (0-14)
Lebanon,LBN,EMR,2020,0-14,a,43,42,,,,98,Children (0-14)
Lebanon,LBN,EMR,2021,0-14,a,41,37,,,,90,Children (0-14)
Lebanon,LBN,EMR,2022,0-14,a,53,50,,,,94,Children (0-14)
Lebanon,LBN,EMR,2023,0-14,a,48,45,,,,94,Children (0-14)
Lesotho,LSO,AFR,2018,0-14,a,232,192,,,,83,Children (0-14)
Lesotho,LSO,AFR,2019,0-14,a,263,223,,,,85,Children (0-14)
Lesotho,LSO,AFR,2019,a,f,2515,1945,13,359,86,77,Female (All Ages)
Lesotho,LSO,AFR,2019,a,m,4401,3428,26,637,172,78,Male (All Ages)
Lesotho,LSO,AFR,2020,0-14,a,171,134,,,,78,Children (0-14)
Lesotho,LSO,AFR,2020,a,f,1540,1190,7,219,62,77,Female (All Ages)
Lesotho,LSO,AFR,2020,a,m,2938,2200,21,464,154,75,Male (All Ages)
Lesotho,LSO,AFR,2021,0-14,a,208,163,,,,78,Children (0-14)
Lesotho,LSO,AFR,2021,a,f,1536,1189,14,236,59,77,Female (All Ages)
Lesotho,LSO,AFR,2021,a,m,2972,2281,22,474,128,77,Male (All Ages)
Lesotho,LSO,AFR,2022,0-14,a,322,276,,,,86,Children (0-14)
Lesotho,LSO,AFR,2022,a,f,1906,1539,16,255,69,81,Female (All Ages)
Lesotho,LSO,AFR,2022,a,m,3617,2896,32,489,168,80,Male (All Ages)
Lesotho,LSO,AFR,2023,0-14,a,363,313,,,,86,Children (0-14)
Lesotho,LSO,AFR,2023,a,f,2021,1633,11,251,97,81,Female (All Ages)
Lesotho,LSO,AFR,2023,a,m,4437,3651,19,548,177,82,Male (All Ages)
Liberia,LBR,AFR,2020,a,f,2802,2254,5,112,364,80,Female (All Ages)
Liberia,LBR,AFR,2020,a,m,4188,3036,11,193,843,72,Male (All Ages)
Libya,LBY,EMR,2019,0-14,a,100,76,,,,76,Children (0-14)
Libya,LBY,EMR,2020,0-14,a,100,85,,,,85,Children (0-14)
Libya,LBY,EMR,2021,0-14,a,109,88,,,,81,Children (0-14)
Libya,LBY,EMR,2022,0-14,a,109,88,,,,81,Children (0-14)
Libya,LBY,EMR,2023,0-14,a,112,81,,,,72,Children (0-14)
Lithuania,LTU,EUR,2013,0-14,a,36,33,0,0,3,92,Children (0-14)
Lithuania,LTU,EUR,2014,0-14,a,21,19,0,0,2,90,Children (0-14)
Lithuania,LTU,EUR,2015,0-14,a,34,31,0,1,1,91,Children (0-14)
Lithuania,LTU,EUR,2016,0-14,a,47,47,0,0,0,100,Children (0-14)
Lithuania,LTU,EUR,2017,0-14,a,44,42,0,0,1,95,Children (0-14)
Lithuania,LTU,EUR,2018,0-14,a,19,19,0,0,0,100,Children (0-14)
Lithuania,LTU,EUR,2019,0-14,a,26,26,0,0,0,100,Children (0-14)
Lithuania,LTU,EUR,2020,0-14,a,13,13,0,0,0,100,Children (0-14)
Lithuania,LTU,EUR,2021,0-14,a,13,13,0,0,0,100,Children (0-14)
Lithuania,LTU,EUR,2022,0-14,a,14,14,0,0,0,100,Children (0-14)
Lithuania,LTU,EUR,2023,0-14,a,34,34,0,0,0,100,Children (0-14)
Luxembourg,LUX,EUR,2013,0-14,a,0,0,0,0,0,,Children (0-14)
Luxembourg,LUX,EUR,2017,0-14,a,0,0,0,0,0,,Children (0-14)
Luxembourg,LUX,EUR,2019,0-14,a,0,0,0,0,0,,Children (0-14)
Luxembourg,LUX,EUR,2020,0-14,a,0,0,0,0,0,,Children (0-14)
Madagascar,MDG,AFR,2020,0-14,a,3817,3703,,,,97,Children (0-14)
Madagascar,MDG,AFR,2021,0-14,a,4074,3578,,,,88,Children (0-14)
Madagascar,MDG,AFR,2022,0-14,a,4727,4059,,,,86,Children (0-14)
Madagascar,MDG,AFR,2023,0-14,a,4154,3605,,,,87,Children (0-14)
Malawi,MWI,AFR,2018,0-14,a,1183,1096,,,,93,Children (0-14)
Malawi,MWI,AFR,2019,0-14,a,1519,1378,,,,91,Children (0-14)
Malawi,MWI,AFR,2020,0-14,a,1373,1275,,,,93,Children (0-14)
Malawi,MWI,AFR,2021,0-14,a,1263,1173,,,,93,Children (0-14)
Malawi,MWI,AFR,2022,0-14,a,1369,1281,,,,94,Children (0-14)
Malawi,MWI,AFR,2023,0-14,a,1197,1116,,,,93,Children (0-14)
Malaysia,MYS,WPR,2018,0-14,a,705,632,,,,90,Children (0-14)
Malaysia,MYS,WPR,2019,0-14,a,840,756,,,,90,Children (0-14)
Malaysia,MYS,WPR,2020,0-14,a,751,687,,,,91,Children (0-14)
Malaysia,MYS,WPR,2021,0-14,a,723,671,,,,93,Children (0-14)
Malaysia,MYS,WPR,2022,0-14,a,1127,1052,,,,93,Children (0-14)
Malaysia,MYS,WPR,2023,0-14,a,1681,483,,,,29,Children (0-14)
Maldives,MDV,SEA,2018,0-14,a,6,6,,,,100,Children (0-14)
Maldives,MDV,SEA,2019,0-14,a,3,3,,,,100,Children (0-14)
Maldives,MDV,SEA,2020,0-14,a,3,3,,,,100,Children (0-14)
Maldives,MDV,SEA,2021,0-14,a,3,3,,,,100,Children (0-14)
Maldives,MDV,SEA,2022,0-14,a,6,5,,,,83,Children (0-14)
Maldives,MDV,SEA,2023,0-14,a,2,2,,,,100,Children (0-14)
Malta,MLT,EUR,2013,0-14,a,0,0,0,0,0,,Children (0-14)
Malta,MLT,EUR,2020,0-14,a,7,7,0,0,0,100,Children (0-14)
Malta,MLT,EUR,2021,0-14,a,1,1,0,0,0,100,Children (0-14)
Marshall Islands,MHL,WPR,2018,0-14,a,130,126,,,,97,Children (0-14)
Marshall Islands,MHL,WPR,2019,0-14,a,102,99,,,,97,Children (0-14)
Marshall Islands,MHL,WPR,2020,0-14,a,32,31,,,,97,Children (0-14)
Marshall Islands,MHL,WPR,2021,0-14,a,31,30,,,,97,Children (0-14)
Marshall Islands,MHL,WPR,2022,0-14,a,23,22,,,,96,Children (0-14)
Marshall Islands,MHL,WPR,2023,0-14,a,92,91,,,,99,Children (0-14)
Mauritania,MRT,AFR,2018,0-14,a,126,95,,,,75,Children (0-14)
Mauritania,MRT,AFR,2019,0-14,a,158,140,,,,89,Children (0-14)
Mauritania,MRT,AFR,2020,0-14,a,100,72,,,,72,Children (0-14)
Mauritania,MRT,AFR,2021,0-14,a,125,98,,,,78,Children (0-14)
Mauritania,MRT,AFR,2022,0-14,a,107,79,,,,74,Children (0-14)
Mauritius,MUS,AFR,2018,0-14,a,2,2,,,,100,Children (0-14)
Mauritius,MUS,AFR,2019,0-14,a,3,1,,,,33,Children (0-14)
Mauritius,MUS,AFR,2020,0-14,a,3,3,,,,100,Children (0-14)
Mauritius,MUS,AFR,2021,0-14,a,3,3,,,,100,Children (0-14)
Mauritius,MUS,AFR,2022,0-14,a,1,1,,,,100,Children (0-14)
Mauritius,MUS,AFR,2023,0-14,a,1,1,,,,100,Children (0-14)
Mexico,MEX,AMR,2013,0-14,a,805,651,2,30,53,81,Children (0-14)
Mexico,MEX,AMR,2014,0-14,a,783,620,4,32,34,79,Children (0-14)
Mexico,MEX,AMR,2015,0-14,a,786,646,3,38,33,82,Children (0-14)
Mexico,MEX,AMR,2016,0-14,a,786,629,2,33,26,80,Children (0-14)
Mexico,MEX,AMR,2017,0-14,a,699,334,2,37,23,48,Children (0-14)
Mexico,MEX,AMR,2018,0-14,a,745,584,4,41,34,78,Children (0-14)
Mexico,MEX,AMR,2019,0-14,a,661,467,1,28,32,71,Children (0-14)
Mexico,MEX,AMR,2020,0-14,a,529,351,1,42,32,66,Children (0-14)
Mexico,MEX,AMR,2021,0-14,a,694,490,0,52,41,71,Children (0-14)
Mexico,MEX,AMR,2022,0-14,a,724,504,4,55,52,70,Children (0-14)
Mexico,MEX,AMR,2023,0-14,a,749,506,2,61,56,68,Children (0-14)
Micronesia (Federated States of),FSM,WPR,2018,0-14,a,27,27,,,,100,Children (0-14)
Micronesia (Federated States of),FSM,WPR,2019,0-14,a,21,21,,,,100,Children (0-14)
Micronesia (Federated States of),FSM,WPR,2020,0-14,a,8,6,,,,75,Children (0-14)
Micronesia (Federated States of),FSM,WPR,2021,0-14,a,8,6,,,,75,Children (0-14)
Micronesia (Federated States of),FSM,WPR,2023,0-14,a,70,64,,,,91,Children (0-14)
Monaco,MCO,EUR,2013,0-14,a,0,,,,,,Children (0-14)
Monaco,MCO,EUR,2014,0-14,a,0,,,,,,Children (0-14)
Monaco,MCO,EUR,2020,0-14,a,0,,,,,,Children (0-14)
Mongolia,MNG,WPR,2019,0-14,a,395,381,,,,96,Children (0-14)
Mongolia,MNG,WPR,2020,0-14,a,441,426,,,,97,Children (0-14)
Mongolia,MNG,WPR,2022,0-14,a,178,163,,,,92,Children (0-14)
Mongolia,MNG,WPR,2023,0-14,a,156,151,,,,97,Children (0-14)
Mongolia,MNG,WPR,2023,a,f,1103,935,43,40,57,85,Female (All Ages)
Mongolia,MNG,WPR,2023,a,m,1733,1404,57,100,135,81,Male (All Ages)
Montenegro,MNE,EUR,2013,0-14,a,1,1,0,0,0,100,Children (0-14)
Montenegro,MNE,EUR,2014,0-14,a,0,0,0,0,0,,Children (0-14)
Montenegro,MNE,EUR,2015,0-14,a,1,1,0,0,0,100,Children (0-14)
Montenegro,MNE,EUR,2016,0-14,a,0,0,0,0,0,,Children (0-14)
Montenegro,MNE,EUR,2017,0-14,a,0,0,0,0,0,,Children (0-14)
Montenegro,MNE,EUR,2018,0-14,a,2,2,0,0,0,100,Children (0-14)
Montenegro,MNE,EUR,2019,0-14,a,1,1,0,0,0,100,Children (0-14)
Montenegro,MNE,EUR,2020,0-14,a,0,0,0,0,0,,Children (0-14)
Montenegro,MNE,EUR,2022,0-14,a,0,0,0,0,0,,Children (0-14)
Montenegro,MNE,EUR,2023,0-14,a,0,0,0,0,0,,Children (0-14)
Montserrat,MSR,AMR,2018,0-14,a,0,0,0,0,0,,Children (0-14)
Morocco,MAR,EMR,2018,0-14,a,2097,1835,,,,88,Children (0-14)
Morocco,MAR,EMR,2019,0-14,a,2089,1925,,,,92,Children (0-14)
Morocco,MAR,EMR,2020,0-14,a,2079,1941,,,,93,Children (0-14)
Morocco,MAR,EMR,2021,0-14,a,2193,1728,,,,79,Children (0-14)
Morocco,MAR,EMR,2022,0-14,a,2323,1494,,,,64,Children (0-14)
Morocco,MAR,EMR,2023,0-14,a,2357,2190,,,,93,Children (0-14)
Mozambique,MOZ,AFR,2020,0-14,a,11766,10347,,,,88,Children (0-14)
Mozambique,MOZ,AFR,2021,0-14,a,11198,10953,,,,98,Children (0-14)
Mozambique,MOZ,AFR,2022,0-14,a,13541,13220,,,,98,Children (0-14)
Mozambique,MOZ,AFR,2023,0-14,a,10556,9712,,,,92,Children (0-14)
Myanmar,MMR,SEA,2018,0-14,a,26118,25181,,,,96,Children (0-14)
Myanmar,MMR,SEA,2019,0-14,a,23072,22210,,,,96,Children (0-14)
Myanmar,MMR,SEA,2020,0-14,a,8573,8228,,,,96,Children (0-14)
Myanmar,MMR,SEA,2021,0-14,a,6260,5932,,,,95,Children (0-14)
Myanmar,MMR,SEA,2022,0-14,a,21281,20534,,,,96,Children (0-14)
Myanmar,MMR,SEA,2023,0-14,a,22815,20643,,,,90,Children (0-14)
Myanmar,MMR,SEA,2023,a,f,47729,41059,313,1575,2111,86,Female (All Ages)
Myanmar,MMR,SEA,2023,a,m,77865,64744,811,3563,4120,83,Male (All Ages)
Namibia,NAM,AFR,2018,0-14,a,713,649,,,,91,Children (0-14)
Namibia,NAM,AFR,2019,0-14,a,711,655,,,,92,Children (0-14)
Namibia,NAM,AFR,2019,a,f,2902,2542,37,217,97,88,Female (All Ages)
Namibia,NAM,AFR,2019,a,m,4592,3941,111,335,199,86,Male (All Ages)
Namibia,NAM,AFR,2020,0-14,a,631,590,,,,94,Children (0-14)
Namibia,NAM,AFR,2020,a,f,2405,2147,29,169,56,89,Female (All Ages)
Namibia,NAM,AFR,2020,a,m,3907,3420,56,295,124,88,Male (All Ages)
Namibia,NAM,AFR,2021,0-14,a,638,589,,,,92,Children (0-14)
Namibia,NAM,AFR,2021,a,f,2433,2141,25,185,72,88,Female (All Ages)
Namibia,NAM,AFR,2021,a,m,4031,3470,69,313,165,86,Male (All Ages)
Namibia,NAM,AFR,2022,0-14,a,1026,931,,,,91,Children (0-14)
Namibia,NAM,AFR,2022,a,f,3310,2923,35,218,126,88,Female (All Ages)
Namibia,NAM,AFR,2022,a,m,5064,4411,78,334,234,87,Male (All Ages)
Namibia,NAM,AFR,2023,0-14,a,946,845,,,,89,Children (0-14)
Namibia,NAM,AFR,2023,a,f,3532,3117,26,226,145,88,Female (All Ages)
Namibia,NAM,AFR,2023,a,m,5462,4791,71,329,246,88,Male (All Ages)
Nauru,NRU,WPR,2018,0-14,a,0,0,,,,,Children (0-14)
Nauru,NRU,WPR,2020,0-14,a,0,0,,,,,Children (0-14)
Nepal,NPL,SEA,2020,a,f,10093,9321,54,289,189,92,Female (All Ages)
Nepal,NPL,SEA,2020,a,m,16816,15250,130,593,416,91,Male (All Ages)
Nepal,NPL,SEA,2022,a,f,14292,13392,94,343,291,94,Female (All Ages)
Nepal,NPL,SEA,2022,a,m,22711,20839,170,765,634,92,Male (All Ages)
Nepal,NPL,SEA,2023,a,f,13722,12836,111,404,250,94,Female (All Ages)
Nepal,NPL,SEA,2023,a,m,22674,20767,191,802,571,92,Male (All Ages)
Netherlands (Kingdom of the),NLD,EUR,2013,0-14,a,32,31,0,0,0,97,Children (0-14)
Netherlands (Kingdom of the),NLD,EUR,2014,0-14,a,47,46,0,0,0,98,Children (0-14)
Netherlands (Kingdom of the),NLD,EUR,2015,0-14,a,42,39,0,0,0,93,Children (0-14)
Netherlands (Kingdom of the),NLD,EUR,2016,0-14,a,48,47,0,0,0,98,Children (0-14)
Netherlands (Kingdom of the),NLD,EUR,2017,0-14,a,33,30,0,0,1,91,Children (0-14)
Netherlands (Kingdom of the),NLD,EUR,2018,0-14,a,20,19,0,0,1,95,Children (0-14)
Netherlands (Kingdom of the),NLD,EUR,2019,0-14,a,47,43,0,0,2,91,Children (0-14)
Netherlands (Kingdom of the),NLD,EUR,2020,0-14,a,19,17,0,2,0,89,Children (0-14)
Netherlands (Kingdom of the),NLD,EUR,2021,0-14,a,26,25,0,0,1,96,Children (0-14)
Netherlands (Kingdom of the),NLD,EUR,2023,0-14,a,19,16,0,0,0,84,Children (0-14)
New Caledonia,NCL,WPR,2020,0-14,a,3,1,,,,33,Children (0-14)
New Caledonia,NCL,WPR,2022,0-14,a,3,2,,,,67,Children (0-14)
New Caledonia,NCL,WPR,2023,0-14,a,1,1,,,,100,Children (0-14)
New Zealand,NZL,WPR,2018,0-14,a,9,8,,,,89,Children (0-14)
New Zealand,NZL,WPR,2019,0-14,a,2,2,,,,100,Children (0-14)
New Zealand,NZL,WPR,2020,0-14,a,6,6,,,,100,Children (0-14)
New Zealand,NZL,WPR,2021,0-14,a,7,6,,,,86,Children (0-14)
New Zealand,NZL,WPR,2022,0-14,a,12,11,,,,92,Children (0-14)
New Zealand,NZL,WPR,2023,0-14,a,14,13,,,,93,Children (0-14)
Nicaragua,NIC,AMR,2014,0-14,a,29,29,0,0,0,100,Children (0-14)
Nicaragua,NIC,AMR,2015,0-14,a,124,124,0,0,0,100,Children (0-14)
Nicaragua,NIC,AMR,2016,0-14,a,249,242,1,1,4,97,Children (0-14)
Nicaragua,NIC,AMR,2017,0-14,a,171,160,0,2,9,94,Children (0-14)
Nicaragua,NIC,AMR,2018,0-14,a,148,144,0,1,3,97,Children (0-14)
Nicaragua,NIC,AMR,2019,0-14,a,173,158,0,4,7,91,Children (0-14)
Nicaragua,NIC,AMR,2020,0-14,a,103,98,0,0,5,95,Children (0-14)
Nicaragua,NIC,AMR,2021,0-14,a,83,78,0,0,5,94,Children (0-14)
Nicaragua,NIC,AMR,2022,0-14,a,104,95,0,0,8,91,Children (0-14)
Nigeria,NGA,AFR,2018,0-14,a,8293,7402,,,,89,Children (0-14)
Nigeria,NGA,AFR,2019,0-14,a,9540,8720,,,,91,Children (0-14)
Nigeria,NGA,AFR,2020,0-14,a,8441,7674,,,,91,Children (0-14)
Nigeria,NGA,AFR,2020,a,f,54314,48840,182,1737,2310,90,Female (All Ages)
Nigeria,NGA,AFR,2020,a,m,81470,72938,337,2986,3998,90,Male (All Ages)
Nigeria,NGA,AFR,2021,0-14,a,12977,11894,,,,92,Children (0-14)
Nigeria,NGA,AFR,2021,a,f,83644,76340,2180,195,3129,91,Female (All Ages)
Nigeria,NGA,AFR,2021,a,m,121081,109682,3466,368,5207,91,Male (All Ages)
Nigeria,NGA,AFR,2022,0-14,a,20411,19274,,,,94,Children (0-14)
Nigeria,NGA,AFR,2023,0-14,a,36197,34865,,,,96,Children (0-14)
Niue,NIU,WPR,2022,0-14,a,1,1,,,,100,Children (0-14)
North Macedonia,MKD,EUR,2013,0-14,a,23,23,0,0,0,100,Children (0-14)
North Macedonia,MKD,EUR,2014,0-14,a,19,19,0,0,0,100,Children (0-14)
North Macedonia,MKD,EUR,2015,0-14,a,14,14,0,0,0,100,Children (0-14)
North Macedonia,MKD,EUR,2016,0-14,a,25,25,0,0,0,100,Children (0-14)
North Macedonia,MKD,EUR,2017,0-14,a,10,10,0,0,0,100,Children (0-14)
North Macedonia,MKD,EUR,2018,0-14,a,12,10,0,0,2,83,Children (0-14)
North Macedonia,MKD,EUR,2019,0-14,a,12,12,0,0,0,100,Children (0-14)
North Macedonia,MKD,EUR,2020,0-14,a,10,8,,,2,80,Children (0-14)
North Macedonia,MKD,EUR,2021,0-14,a,3,3,0,0,0,100,Children (0-14)
North Macedonia,MKD,EUR,2022,0-14,a,7,5,0,0,0,71,Children (0-14)
Northern Mariana Islands,MNP,WPR,2018,0-14,a,6,6,,,,100,Children (0-14)
Northern Mariana Islands,MNP,WPR,2019,0-14,a,1,1,,,,100,Children (0-14)
Northern Mariana Islands,MNP,WPR,2020,0-14,a,1,1,,,,100,Children (0-14)
Northern Mariana Islands,MNP,WPR,2021,0-14,a,1,0,,,,0,Children (0-14)
Northern Mariana Islands,MNP,WPR,2022,0-14,a,0,0,,,,,Children (0-14)
Northern Mariana Islands,MNP,WPR,2023,0-14,a,0,0,,,,,Children (0-14)
Norway,NOR,EUR,2013,0-14,a,16,16,0,0,0,100,Children (0-14)
Norway,NOR,EUR,2014,0-14,a,12,11,0,0,0,92,Children (0-14)
Norway,NOR,EUR,2015,0-14,a,18,18,0,0,0,100,Children (0-14)
Norway,NOR,EUR,2016,0-14,a,14,14,0,0,0,100,Children (0-14)
Norway,NOR,EUR,2017,0-14,a,17,17,0,0,0,100,Children (0-14)
Norway,NOR,EUR,2018,0-14,a,7,5,0,0,0,71,Children (0-14)
Norway,NOR,EUR,2019,0-14,a,4,4,0,0,0,100,Children (0-14)
Norway,NOR,EUR,2020,0-14,a,10,10,0,0,0,100,Children (0-14)
Norway,NOR,EUR,2021,0-14,a,4,3,0,0,0,75,Children (0-14)
Norway,NOR,EUR,2022,0-14,a,6,5,0,1,0,83,Children (0-14)
Norway,NOR,EUR,2023,0-14,a,7,7,0,0,0,100,Children (0-14)
"occupied Palestinian territory, including east Jerusalem",PSE,EMR,2018,0-14,a,3,3,,,,100,Children (0-14)
"occupied Palestinian territory, including east Jerusalem",PSE,EMR,2019,0-14,a,2,2,,,,100,Children (0-14)
"occupied Palestinian territory, including east Jerusalem",PSE,EMR,2020,0-14,a,6,6,,,,100,Children (0-14)
"occupied Palestinian territory, including east Jerusalem",PSE,EMR,2021,0-14,a,0,0,,,,,Children (0-14)
"occupied Palestinian territory, including east Jerusalem",PSE,EMR,2022,0-14,a,2,1,,,,50,Children (0-14)
"occupied Palestinian territory, including east Jerusalem",PSE,EMR,2023,0-14,a,1,1,,,,100,Children (0-14)
Oman,OMN,EMR,2018,0-14,a,6,6,,,,100,Children (0-14)
Oman,OMN,EMR,2019,0-14,a,5,4,,,,80,Children (0-14)
Oman,OMN,EMR,2020,0-14,a,5,4,,,,80,Children (0-14)
Oman,OMN,EMR,2021,0-14,a,4,4,,,,100,Children (0-14)
Oman,OMN,EMR,2022,0-14,a,4,3,,,,75,Children (0-14)
Oman,OMN,EMR,2023,0-14,a,3,3,,,,100,Children (0-14)
Pakistan,PAK,EMR,2022,0-14,a,58858,57472,,,,98,Children (0-14)
Palau,PLW,WPR,2018,0-14,a,1,1,,,,100,Children (0-14)
Palau,PLW,WPR,2019,0-14,a,0,0,,,,,Children (0-14)
Palau,PLW,WPR,2020,0-14,a,0,0,,,,,Children (0-14)
Palau,PLW,WPR,2021,0-14,a,0,0,,,,,Children (0-14)
Palau,PLW,WPR,2022,0-14,a,0,0,,,,,Children (0-14)
Palau,PLW,WPR,2023,0-14,a,1,1,,,,100,Children (0-14)
Panama,PAN,AMR,2014,0-14,a,115,103,,2,10,90,Children (0-14)
Panama,PAN,AMR,2015,0-14,a,146,126,3,3,12,86,Children (0-14)
Panama,PAN,AMR,2016,0-14,a,169,146,,4,15,86,Children (0-14)
Panama,PAN,AMR,2017,0-14,a,134,121,,3,10,90,Children (0-14)
Panama,PAN,AMR,2018,0-14,a,71,64,0,2,5,90,Children (0-14)
Panama,PAN,AMR,2019,0-14,a,110,101,0,1,8,92,Children (0-14)
Panama,PAN,AMR,2020,0-14,a,69,58,0,5,6,84,Children (0-14)
Panama,PAN,AMR,2021,0-14,a,98,82,0,5,11,84,Children (0-14)
Panama,PAN,AMR,2022,0-14,a,131,98,3,12,18,75,Children (0-14)
Panama,PAN,AMR,2023,0-14,a,215,168,1,18,28,78,Children (0-14)
Papua New Guinea,PNG,WPR,2018,0-14,a,6705,4870,,,,73,Children (0-14)
Papua New Guinea,PNG,WPR,2019,0-14,a,7337,5027,,,,69,Children (0-14)
Papua New Guinea,PNG,WPR,2019,a,f,14238,10093,120,455,1856,71,Female (All Ages)
Papua New Guinea,PNG,WPR,2019,a,m,14955,10748,113,488,2037,72,Male (All Ages)
Papua New Guinea,PNG,WPR,2020,0-14,a,6212,4527,,,,73,Children (0-14)
Papua New Guinea,PNG,WPR,2020,a,f,13338,9670,88,463,1842,72,Female (All Ages)
Papua New Guinea,PNG,WPR,2020,a,m,13803,10292,109,439,1761,75,Male (All Ages)
Papua New Guinea,PNG,WPR,2021,0-14,a,6802,4853,,,,71,Children (0-14)
Papua New Guinea,PNG,WPR,2021,a,f,13907,10063,113,447,1961,72,Female (All Ages)
Papua New Guinea,PNG,WPR,2021,a,m,14337,10642,134,471,745,74,Male (All Ages)
Papua New Guinea,PNG,WPR,2022,0-14,a,8685,6400,,,,74,Children (0-14)
Papua New Guinea,PNG,WPR,2022,a,f,17314,12625,118,501,2785,73,Female (All Ages)
Papua New Guinea,PNG,WPR,2022,a,m,17746,12869,167,488,1037,73,Male (All Ages)
Papua New Guinea,PNG,WPR,2023,0-14,a,9424,7520,,,,80,Children (0-14)
Papua New Guinea,PNG,WPR,2023,a,f,20480,15071,203,565,3556,74,Female (All Ages)
Papua New Guinea,PNG,WPR,2023,a,m,21360,15730,270,587,3518,74,Male (All Ages)
Paraguay,PRY,AMR,2013,0-14,a,183,116,0,2,3,63,Children (0-14)
Paraguay,PRY,AMR,2014,0-14,a,187,139,0,6,13,74,Children (0-14)
Paraguay,PRY,AMR,2015,0-14,a,149,109,0,12,11,73,Children (0-14)
Paraguay,PRY,AMR,2016,0-14,a,188,138,1,8,20,73,Children (0-14)
Paraguay,PRY,AMR,2017,0-14,a,175,150,0,2,23,86,Children (0-14)
Paraguay,PRY,AMR,2018,0-14,a,159,116,0,6,28,73,Children (0-14)
Paraguay,PRY,AMR,2019,0-14,a,192,135,0,10,28,70,Children (0-14)
Paraguay,PRY,AMR,2020,0-14,a,119,103,0,3,11,87,Children (0-14)
Paraguay,PRY,AMR,2021,0-14,a,95,61,0,5,24,64,Children (0-14)
Paraguay,PRY,AMR,2022,0-14,a,125,84,0,9,24,67,Children (0-14)
Paraguay,PRY,AMR,2023,0-14,a,124,89,0,6,16,72,Children (0-14)
Peru,PER,AMR,2015,0-14,a,221,152,0,5,13,69,Children (0-14)
Peru,PER,AMR,2016,0-14,a,822,664,0,13,29,81,Children (0-14)
Peru,PER,AMR,2017,0-14,a,1166,1007,0,15,43,86,Children (0-14)
Peru,PER,AMR,2018,0-14,a,1263,1141,2,13,42,90,Children (0-14)
Peru,PER,AMR,2019,0-14,a,1331,1170,2,22,47,88,Children (0-14)
Peru,PER,AMR,2020,0-14,a,837,752,2,16,41,90,Children (0-14)
Peru,PER,AMR,2020,a,f,7444,6527,39,426,220,88,Female (All Ages)
Peru,PER,AMR,2020,a,m,13494,11258,87,926,651,83,Male (All Ages)
Peru,PER,AMR,2021,0-14,a,839,759,1,17,35,90,Children (0-14)
Peru,PER,AMR,2021,a,f,8633,7629,42,440,318,88,Female (All Ages)
Peru,PER,AMR,2021,a,m,14050,11814,67,1016,833,84,Male (All Ages)
Peru,PER,AMR,2022,0-14,a,984,899,7,17,42,91,Children (0-14)
Peru,PER,AMR,2022,a,f,9318,8134,120,499,396,87,Female (All Ages)
Peru,PER,AMR,2022,a,m,15857,13094,236,1109,1141,83,Male (All Ages)
Peru,PER,AMR,2023,0-14,a,1199,1125,1,20,37,94,Children (0-14)
Peru,PER,AMR,2023,a,f,10139,8888,27,617,495,88,Female (All Ages)
Peru,PER,AMR,2023,a,m,17929,14834,56,1417,1422,83,Male (All Ages)
Philippines,PHL,WPR,2018,0-14,a,45380,35519,,,,78,Children (0-14)
Philippines,PHL,WPR,2019,0-14,a,32163,28814,,,,90,Children (0-14)
Philippines,PHL,WPR,2019,a,f,118934,103163,277,1857,4171,87,Female (All Ages)
Philippines,PHL,WPR,2019,a,m,223843,193306,730,5122,8292,86,Male (All Ages)
Philippines,PHL,WPR,2020,0-14,a,19768,14625,,,,74,Children (0-14)
Philippines,PHL,WPR,2020,a,f,90044,67235,179,1517,2254,75,Female (All Ages)
Philippines,PHL,WPR,2020,a,m,180943,139400,433,4338,5068,77,Male (All Ages)
Philippines,PHL,WPR,2021,0-14,a,26442,21563,,,,82,Children (0-14)
Philippines,PHL,WPR,2021,a,f,126317,98474,251,2100,6399,78,Female (All Ages)
Philippines,PHL,WPR,2021,a,m,249697,201315,580,5750,12398,81,Male (All Ages)
Philippines,PHL,WPR,2022,0-14,a,40327,33030,,,,82,Children (0-14)
Philippines,PHL,WPR,2022,a,f,180110,138240,344,2528,21673,77,Female (All Ages)
Philippines,PHL,WPR,2022,a,m,325772,256953,769,6825,35556,79,Male (All Ages)
Philippines,PHL,WPR,2023,0-14,a,48877,43295,,,,89,Children (0-14)
Philippines,PHL,WPR,2023,a,f,208707,173712,368,2695,23354,83,Female (All Ages)
Philippines,PHL,WPR,2023,a,m,361785,304682,827,7378,36361,84,Male (All Ages)
Poland,POL,EUR,2013,0-14,a,116,74,0,0,3,64,Children (0-14)
Poland,POL,EUR,2014,0-14,a,70,37,0,0,3,53,Children (0-14)
Poland,POL,EUR,2015,0-14,a,81,44,0,0,0,54,Children (0-14)
Poland,POL,EUR,2016,0-14,a,102,53,0,3,5,52,Children (0-14)
Portugal,PRT,EUR,2013,0-14,a,48,41,0,0,1,85,Children (0-14)
Portugal,PRT,EUR,2014,0-14,a,41,37,0,0,0,90,Children (0-14)
Portugal,PRT,EUR,2015,0-14,a,33,29,0,0,0,88,Children (0-14)
Portugal,PRT,EUR,2016,0-14,a,36,27,0,0,0,75,Children (0-14)
Portugal,PRT,EUR,2017,0-14,a,44,26,0,0,3,59,Children (0-14)
Portugal,PRT,EUR,2018,0-14,a,49,41,0,1,0,84,Children (0-14)
Portugal,PRT,EUR,2019,0-14,a,71,44,0,1,0,62,Children (0-14)
Portugal,PRT,EUR,2020,0-14,a,42,37,0,0,1,88,Children (0-14)
Portugal,PRT,EUR,2021,0-14,a,44,30,0,0,0,68,Children (0-14)
Portugal,PRT,EUR,2022,0-14,a,52,40,0,0,2,77,Children (0-14)
Portugal,PRT,EUR,2023,0-14,a,44,32,0,0,1,73,Children (0-14)
Puerto Rico,PRI,AMR,2018,0-14,a,1,0,0,1,0,0,Children (0-14)
Puerto Rico,PRI,AMR,2019,0-14,a,0,0,0,0,0,,Children (0-14)
Puerto Rico,PRI,AMR,2020,0-14,a,1,1,0,0,0,100,Children (0-14)
Puerto Rico,PRI,AMR,2021,0-14,a,0,0,0,0,0,,Children (0-14)
Puerto Rico,PRI,AMR,2022,0-14,a,0,0,0,0,0,,Children (0-14)
Qatar,QAT,EMR,2018,0-14,a,3,1,,,,33,Children (0-14)
Qatar,QAT,EMR,2019,0-14,a,3,3,,,,100,Children (0-14)
Qatar,QAT,EMR,2020,0-14,a,7,4,,,,57,Children (0-14)
Qatar,QAT,EMR,2021,0-14,a,15,12,,,,80,Children (0-14)
Qatar,QAT,EMR,2022,0-14,a,3,2,,,,67,Children (0-14)
Qatar,QAT,EMR,2023,0-14,a,8,6,,,,75,Children (0-14)
Republic of Korea,KOR,WPR,2018,0-14,a,73,70,,,,96,Children (0-14)
Republic of Korea,KOR,WPR,2019,0-14,a,76,72,,,,95,Children (0-14)
Republic of Korea,KOR,WPR,2020,0-14,a,53,47,,,,89,Children (0-14)
Republic of Korea,KOR,WPR,2021,0-14,a,35,33,,,,94,Children (0-14)
Republic of Korea,KOR,WPR,2022,0-14,a,27,26,,,,96,Children (0-14)
Republic of Korea,KOR,WPR,2023,0-14,a,19,19,,,,100,Children (0-14)
Republic of Moldova,MDA,EUR,2013,0-14,a,125,122,0,0,3,98,Children (0-14)
Republic of Moldova,MDA,EUR,2014,0-14,a,104,100,1,2,1,96,Children (0-14)
Republic of Moldova,MDA,EUR,2015,0-14,a,101,96,1,1,2,95,Children (0-14)
Republic of Moldova,MDA,EUR,2016,0-14,a,88,84,1,2,1,95,Children (0-14)
Republic of Moldova,MDA,EUR,2017,0-14,a,107,105,2,0,0,98,Children (0-14)
Republic of Moldova,MDA,EUR,2018,0-14,a,96,87,0,0,1,91,Children (0-14)
Republic of Moldova,MDA,EUR,2019,0-14,a,103,103,0,0,0,100,Children (0-14)
Republic of Moldova,MDA,EUR,2020,0-14,a,56,56,0,0,0,100,Children (0-14)
Republic of Moldova,MDA,EUR,2020,a,f,427,364,9,47,6,85,Female (All Ages)
Republic of Moldova,MDA,EUR,2020,a,m,981,753,44,139,27,77,Male (All Ages)
Republic of Moldova,MDA,EUR,2021,0-14,a,71,70,0,0,1,99,Children (0-14)
Republic of Moldova,MDA,EUR,2021,a,f,396,338,8,43,7,85,Female (All Ages)
Republic of Moldova,MDA,EUR,2021,a,m,1242,980,37,161,60,79,Male (All Ages)
Republic of Moldova,MDA,EUR,2022,0-14,a,71,71,0,0,0,100,Children (0-14)
Republic of Moldova,MDA,EUR,2022,a,f,429,377,14,31,5,88,Female (All Ages)
Republic of Moldova,MDA,EUR,2022,a,m,1244,1039,39,124,34,84,Male (All Ages)
Republic of Moldova,MDA,EUR,2023,0-14,a,133,133,0,0,0,100,Children (0-14)
Republic of Moldova,MDA,EUR,2023,a,f,434,382,13,35,4,88,Female (All Ages)
Republic of Moldova,MDA,EUR,2023,a,m,1242,1048,30,111,52,84,Male (All Ages)
Romania,ROU,EUR,2013,0-14,a,692,663,1,7,15,96,Children (0-14)
Romania,ROU,EUR,2014,0-14,a,634,613,0,4,13,97,Children (0-14)
Romania,ROU,EUR,2015,0-14,a,651,614,0,9,23,94,Children (0-14)
Romania,ROU,EUR,2016,0-14,a,595,578,2,5,9,97,Children (0-14)
Romania,ROU,EUR,2017,0-14,a,530,512,0,9,7,97,Children (0-14)
Romania,ROU,EUR,2018,0-14,a,540,516,0,8,9,96,Children (0-14)
Romania,ROU,EUR,2019,0-14,a,388,372,2,5,7,96,Children (0-14)
Romania,ROU,EUR,2020,0-14,a,258,245,0,6,6,95,Children (0-14)
Romania,ROU,EUR,2021,0-14,a,278,263,1,7,4,95,Children (0-14)
Romania,ROU,EUR,2022,0-14,a,324,309,1,4,4,95,Children (0-14)
Romania,ROU,EUR,2023,0-14,a,424,411,0,2,2,97,Children (0-14)
Russian Federation,RUS,EUR,2013,0-14,a,733,708,3,6,1,97,Children (0-14)
Russian Federation,RUS,EUR,2014,0-14,a,3090,2964,28,22,9,96,Children (0-14)
Russian Federation,RUS,EUR,2015,0-14,a,2906,2736,20,19,5,94,Children (0-14)
Russian Federation,RUS,EUR,2016,0-14,a,2677,2574,15,13,4,96,Children (0-14)
Russian Federation,RUS,EUR,2017,0-14,a,2304,2209,22,10,4,96,Children (0-14)
Russian Federation,RUS,EUR,2018,0-14,a,1905,1811,28,13,5,95,Children (0-14)
Russian Federation,RUS,EUR,2019,0-14,a,1753,1652,39,10,6,94,Children (0-14)
Russian Federation,RUS,EUR,2020,0-14,a,1432,1365,26,4,8,95,Children (0-14)
Russian Federation,RUS,EUR,2021,0-14,a,1493,1433,27,6,5,96,Children (0-14)
Russian Federation,RUS,EUR,2022,0-14,a,1455,1374,32,6,5,94,Children (0-14)
Russian Federation,RUS,EUR,2023,0-14,a,1401,1336,25,5,1,95,Children (0-14)
Rwanda,RWA,AFR,2018,0-14,a,388,364,,,,94,Children (0-14)
Rwanda,RWA,AFR,2019,0-14,a,437,412,,,,94,Children (0-14)
Rwanda,RWA,AFR,2020,0-14,a,324,299,,,,92,Children (0-14)
Rwanda,RWA,AFR,2021,0-14,a,310,288,,,,93,Children (0-14)
Rwanda,RWA,AFR,2022,0-14,a,402,385,,,,96,Children (0-14)
Rwanda,RWA,AFR,2023,0-14,a,639,594,,,,93,Children (0-14)
Saint Kitts and Nevis,KNA,AMR,2022,0-14,a,0,0,0,0,0,,Children (0-14)
Saint Lucia,LCA,AMR,2018,0-14,a,0,0,0,0,0,,Children (0-14)
Saint Lucia,LCA,AMR,2019,0-14,a,0,0,0,0,0,,Children (0-14)
Saint Lucia,LCA,AMR,2020,0-14,a,0,0,0,0,0,,Children (0-14)
Saint Lucia,LCA,AMR,2021,0-14,a,0,0,0,0,0,,Children (0-14)
Saint Lucia,LCA,AMR,2022,0-14,a,0,0,0,0,0,,Children (0-14)
Saint Vincent and the Grenadines,VCT,AMR,2019,0-14,a,0,0,0,0,0,,Children (0-14)
Saint Vincent and the Grenadines,VCT,AMR,2020,0-14,a,1,0,0,1,0,0,Children (0-14)
Samoa,WSM,WPR,2018,0-14,a,2,2,,,,100,Children (0-14)
Samoa,WSM,WPR,2020,0-14,a,0,0,,,,,Children (0-14)
Samoa,WSM,WPR,2021,0-14,a,0,0,,,,,Children (0-14)
Samoa,WSM,WPR,2023,0-14,a,1,1,,,,100,Children (0-14)
San Marino,SMR,EUR,2015,0-14,a,0,0,0,0,0,,Children (0-14)
San Marino,SMR,EUR,2016,0-14,a,0,0,0,0,0,,Children (0-14)
San Marino,SMR,EUR,2017,0-14,a,0,0,0,0,0,,Children (0-14)
San Marino,SMR,EUR,2018,0-14,a,0,0,0,0,0,,Children (0-14)
Sao Tome and Principe,STP,AFR,2018,0-14,a,5,5,,,,100,Children (0-14)
Sao Tome and Principe,STP,AFR,2019,0-14,a,11,10,,,,91,Children (0-14)
Sao Tome and Principe,STP,AFR,2020,0-14,a,3,2,,,,67,Children (0-14)
Sao Tome and Principe,STP,AFR,2021,0-14,a,1,1,,,,100,Children (0-14)
Sao Tome and Principe,STP,AFR,2022,0-14,a,8,6,,,,75,Children (0-14)
Sao Tome and Principe,STP,AFR,2023,0-14,a,10,4,,,,40,Children (0-14)
Saudi Arabia,SAU,EMR,2018,0-14,a,88,75,,,,85,Children (0-14)
Saudi Arabia,SAU,EMR,2019,0-14,a,106,90,,,,85,Children (0-14)
Saudi Arabia,SAU,EMR,2020,0-14,a,79,70,,,,89,Children (0-14)
Saudi Arabia,SAU,EMR,2021,0-14,a,80,74,,,,93,Children (0-14)
Saudi Arabia,SAU,EMR,2022,0-14,a,68,63,,,,93,Children (0-14)
Saudi Arabia,SAU,EMR,2023,0-14,a,70,65,,,,93,Children (0-14)
Senegal,SEN,AFR,2018,0-14,a,581,498,,,,86,Children (0-14)
Senegal,SEN,AFR,2019,0-14,a,592,514,,,,87,Children (0-14)
Senegal,SEN,AFR,2020,0-14,a,669,422,,,,63,Children (0-14)
Senegal,SEN,AFR,2021,0-14,a,384,355,,,,92,Children (0-14)
Senegal,SEN,AFR,2022,0-14,a,587,430,,,,73,Children (0-14)
Senegal,SEN,AFR,2023,0-14,a,568,333,,,,59,Children (0-14)
Serbia,SRB,EUR,2013,0-14,a,55,54,0,0,1,98,Children (0-14)
Serbia,SRB,EUR,2014,0-14,a,42,40,0,1,0,95,Children (0-14)
Serbia,SRB,EUR,2015,0-14,a,28,27,0,0,0,96,Children (0-14)
Serbia,SRB,EUR,2016,0-14,a,17,16,1,0,0,94,Children (0-14)
Serbia,SRB,EUR,2017,0-14,a,36,36,0,0,0,100,Children (0-14)
Serbia,SRB,EUR,2018,0-14,a,29,29,0,0,0,100,Children (0-14)
Serbia,SRB,EUR,2022,0-14,a,49,47,0,0,1,96,Children (0-14)
Serbia,SRB,EUR,2023,0-14,a,48,47,0,1,0,98,Children (0-14)
Seychelles,SYC,AFR,2018,0-14,a,0,0,,,,,Children (0-14)
Seychelles,SYC,AFR,2020,0-14,a,0,0,,,,,Children (0-14)
Seychelles,SYC,AFR,2021,0-14,a,0,0,,,,,Children (0-14)
Seychelles,SYC,AFR,2023,0-14,a,0,0,,,,,Children (0-14)
Singapore,SGP,WPR,2018,0-14,a,9,8,,,,89,Children (0-14)
Singapore,SGP,WPR,2019,0-14,a,14,13,,,,93,Children (0-14)
Singapore,SGP,WPR,2020,0-14,a,8,7,,,,88,Children (0-14)
Singapore,SGP,WPR,2021,0-14,a,10,10,,,,100,Children (0-14)
Singapore,SGP,WPR,2022,0-14,a,3,3,,,,100,Children (0-14)
Singapore,SGP,WPR,2023,0-14,a,3,3,,,,100,Children (0-14)
Sint Maarten (Dutch part),SXM,AMR,2018,0-14,a,0,,,,,,Children (0-14)
Sint Maarten (Dutch part),SXM,AMR,2021,0-14,a,0,0,0,0,0,,Children (0-14)
Slovakia,SVK,EUR,2013,0-14,a,38,37,0,0,0,97,Children (0-14)
Slovakia,SVK,EUR,2014,0-14,a,44,37,1,1,0,84,Children (0-14)
Slovakia,SVK,EUR,2015,0-14,a,65,65,0,0,0,100,Children (0-14)
Slovakia,SVK,EUR,2016,0-14,a,60,57,0,0,0,95,Children (0-14)
Slovakia,SVK,EUR,2017,0-14,a,45,44,0,0,0,98,Children (0-14)
Slovakia,SVK,EUR,2018,0-14,a,40,40,0,0,0,100,Children (0-14)
Slovakia,SVK,EUR,2019,0-14,a,35,34,0,0,0,97,Children (0-14)
Slovakia,SVK,EUR,2020,0-14,a,35,34,0,0,1,97,Children (0-14)
Slovakia,SVK,EUR,2021,0-14,a,40,38,0,0,0,95,Children (0-14)
Slovakia,SVK,EUR,2022,0-14,a,40,38,0,1,1,95,Children (0-14)
Slovakia,SVK,EUR,2023,0-14,a,80,77,0,0,1,96,Children (0-14)
Slovenia,SVN,EUR,2013,0-14,a,2,2,0,0,0,100,Children (0-14)
Slovenia,SVN,EUR,2014,0-14,a,3,3,0,0,0,100,Children (0-14)
Slovenia,SVN,EUR,2015,0-14,a,1,1,0,0,0,100,Children (0-14)
Slovenia,SVN,EUR,2016,0-14,a,3,3,0,0,0,100,Children (0-14)
Slovenia,SVN,EUR,2017,0-14,a,2,2,0,0,0,100,Children (0-14)
Slovenia,SVN,EUR,2018,0-14,a,1,1,0,0,0,100,Children (0-14)
Slovenia,SVN,EUR,2019,0-14,a,2,2,0,0,0,100,Children (0-14)
Slovenia,SVN,EUR,2020,0-14,a,0,0,0,0,0,,Children (0-14)
Slovenia,SVN,EUR,2021,0-14,a,2,2,0,0,0,100,Children (0-14)
Slovenia,SVN,EUR,2022,0-14,a,2,2,0,0,0,100,Children (0-14)
Slovenia,SVN,EUR,2023,0-14,a,1,1,0,0,0,100,Children (0-14)
Solomon Islands,SLB,WPR,2018,0-14,a,65,65,,,,100,Children (0-14)
Solomon Islands,SLB,WPR,2019,0-14,a,53,51,,,,96,Children (0-14)
Solomon Islands,SLB,WPR,2020,0-14,a,62,62,,,,100,Children (0-14)
South Africa,ZAF,AFR,2019,0-14,a,25155,21035,,,,84,Children (0-14)
South Africa,ZAF,AFR,2019,a,f,44774,37714,327,2239,3447,84,Female (All Ages)
South Africa,ZAF,AFR,2019,a,m,171951,133092,1330,13681,19005,77,Male (All Ages)
South Africa,ZAF,AFR,2020,0-14,a,16007,12821,,,,80,Children (0-14)
South Africa,ZAF,AFR,2020,a,f,65903,53194,460,5302,5448,81,Female (All Ages)
South Africa,ZAF,AFR,2020,a,m,100161,77124,908,8135,11739,77,Male (All Ages)
South Africa,ZAF,AFR,2021,0-14,a,11890,10308,,,,87,Children (0-14)
South Africa,ZAF,AFR,2021,a,f,65665,53014,453,5071,4824,81,Female (All Ages)
South Africa,ZAF,AFR,2021,a,m,95694,74417,733,7790,9516,78,Male (All Ages)
South Africa,ZAF,AFR,2022,0-14,a,17947,14544,,,,81,Children (0-14)
South Africa,ZAF,AFR,2022,a,f,88936,68622,473,5988,7235,77,Female (All Ages)
South Africa,ZAF,AFR,2022,a,m,124407,92856,892,8638,13067,75,Male (All Ages)
South Africa,ZAF,AFR,2023,0-14,a,14500,13046,,,,90,Children (0-14)
South Africa,ZAF,AFR,2023,a,f,66829,56526,275,4795,4645,85,Female (All Ages)
South Africa,ZAF,AFR,2023,a,m,127604,81206,982,4654,10812,64,Male (All Ages)
South Sudan,SSD,AFR,2020,0-14,a,1032,938,,,,91,Children (0-14)
South Sudan,SSD,AFR,2021,0-14,a,3129,1883,,,,60,Children (0-14)
South Sudan,SSD,AFR,2022,0-14,a,2593,2337,,,,90,Children (0-14)
South Sudan,SSD,AFR,2023,0-14,a,3368,3084,,,,92,Children (0-14)
Spain,ESP,EUR,2013,0-14,a,377,326,0,1,0,86,Children (0-14)
Spain,ESP,EUR,2014,0-14,a,289,210,0,3,0,73,Children (0-14)
Spain,ESP,EUR,2016,0-14,a,320,245,0,0,1,77,Children (0-14)
Spain,ESP,EUR,2017,0-14,a,280,204,0,1,1,73,Children (0-14)
Spain,ESP,EUR,2018,0-14,a,301,170,0,1,0,56,Children (0-14)
Spain,ESP,EUR,2019,0-14,a,316,169,0,1,0,53,Children (0-14)
Spain,ESP,EUR,2020,0-14,a,185,123,0,1,0,66,Children (0-14)
Spain,ESP,EUR,2021,0-14,a,106,43,0,0,0,41,Children (0-14)
Spain,ESP,EUR,2022,0-14,a,199,175,0,0,4,88,Children (0-14)
Spain,ESP,EUR,2023,0-14,a,158,120,1,0,0,76,Children (0-14)
Suriname,SUR,AMR,2013,0-14,a,11,9,0,1,0,82,Children (0-14)
Suriname,SUR,AMR,2014,0-14,a,7,3,0,1,3,43,Children (0-14)
Suriname,SUR,AMR,2015,0-14,a,9,8,0,0,1,89,Children (0-14)
Suriname,SUR,AMR,2016,0-14,a,6,4,0,0,2,67,Children (0-14)
Suriname,SUR,AMR,2017,0-14,a,17,13,0,0,4,76,Children (0-14)
Suriname,SUR,AMR,2018,0-14,a,21,19,0,1,1,90,Children (0-14)
Suriname,SUR,AMR,2019,0-14,a,6,4,0,0,2,67,Children (0-14)
Suriname,SUR,AMR,2020,0-14,a,5,3,0,0,2,60,Children (0-14)
Suriname,SUR,AMR,2021,0-14,a,6,5,0,0,1,83,Children (0-14)
Suriname,SUR,AMR,2022,0-14,a,2,1,0,0,1,50,Children (0-14)
Suriname,SUR,AMR,2023,0-14,a,5,3,0,0,2,60,Children (0-14)
Sweden,SWE,EUR,2013,0-14,a,46,45,0,0,0,98,Children (0-14)
Sweden,SWE,EUR,2014,0-14,a,47,44,0,0,0,94,Children (0-14)
Sweden,SWE,EUR,2015,0-14,a,46,42,1,0,0,91,Children (0-14)
Sweden,SWE,EUR,2016,0-14,a,54,52,2,0,0,96,Children (0-14)
Sweden,SWE,EUR,2017,0-14,a,26,24,0,0,1,92,Children (0-14)
Sweden,SWE,EUR,2018,0-14,a,30,27,0,0,0,90,Children (0-14)
Sweden,SWE,EUR,2019,0-14,a,18,11,0,0,0,61,Children (0-14)
Sweden,SWE,EUR,2020,0-14,a,16,12,0,0,0,75,Children (0-14)
Sweden,SWE,EUR,2021,0-14,a,14,13,0,0,0,93,Children (0-14)
Sweden,SWE,EUR,2022,0-14,a,18,16,0,0,0,89,Children (0-14)
Sweden,SWE,EUR,2023,0-14,a,9,9,0,0,0,100,Children (0-14)
Switzerland,CHE,EUR,2016,0-14,a,31,21,0,0,0,68,Children (0-14)
Switzerland,CHE,EUR,2017,0-14,a,23,21,0,0,1,91,Children (0-14)
Switzerland,CHE,EUR,2018,0-14,a,19,15,0,0,0,79,Children (0-14)
Switzerland,CHE,EUR,2019,0-14,a,15,11,0,0,0,73,Children (0-14)
Switzerland,CHE,EUR,2020,0-14,a,18,17,0,0,0,94,Children (0-14)
Switzerland,CHE,EUR,2021,0-14,a,7,4,0,0,0,57,Children (0-14)
Switzerland,CHE,EUR,2022,0-14,a,16,11,0,0,0,69,Children (0-14)
Switzerland,CHE,EUR,2023,0-14,a,16,10,,,,63,Children (0-14)
Syrian Arab Republic,SYR,EMR,2018,0-14,a,222,199,,,,90,Children (0-14)
Syrian Arab Republic,SYR,EMR,2019,0-14,a,234,234,,,,100,Children (0-14)
Syrian Arab Republic,SYR,EMR,2020,0-14,a,186,186,,,,100,Children (0-14)
Syrian Arab Republic,SYR,EMR,2021,0-14,a,197,197,,,,100,Children (0-14)
Syrian Arab Republic,SYR,EMR,2022,0-14,a,215,206,,,,96,Children (0-14)
Syrian Arab Republic,SYR,EMR,2023,0-14,a,259,203,,,,78,Children (0-14)
Tajikistan,TJK,EUR,2013,0-14,a,382,367,0,2,10,96,Children (0-14)
Tajikistan,TJK,EUR,2014,0-14,a,317,304,2,4,1,96,Children (0-14)
Tajikistan,TJK,EUR,2015,0-14,a,316,296,2,7,9,94,Children (0-14)
Tajikistan,TJK,EUR,2016,0-14,a,360,343,3,4,6,95,Children (0-14)
Tajikistan,TJK,EUR,2017,0-14,a,327,312,3,4,5,95,Children (0-14)
Tajikistan,TJK,EUR,2018,0-14,a,302,278,4,2,13,92,Children (0-14)
Tajikistan,TJK,EUR,2019,0-14,a,350,332,1,3,11,95,Children (0-14)
Tajikistan,TJK,EUR,2020,0-14,a,240,188,0,5,7,78,Children (0-14)
Tajikistan,TJK,EUR,2020,a,f,1955,1598,19,83,37,82,Female (All Ages)
Tajikistan,TJK,EUR,2020,a,m,1691,1734,25,90,60,103,Male (All Ages)
Tajikistan,TJK,EUR,2021,0-14,a,204,194,0,6,4,95,Children (0-14)
Tajikistan,TJK,EUR,2021,a,f,1734,1617,6,69,42,93,Female (All Ages)
Tajikistan,TJK,EUR,2021,a,m,1901,1730,21,89,61,91,Male (All Ages)
Tajikistan,TJK,EUR,2022,0-14,a,218,212,2,1,3,97,Children (0-14)
Tajikistan,TJK,EUR,2022,a,f,1676,1545,12,73,46,92,Female (All Ages)
Tajikistan,TJK,EUR,2022,a,m,2133,1952,15,93,73,92,Male (All Ages)
Tajikistan,TJK,EUR,2023,0-14,a,241,232,0,1,8,96,Children (0-14)
Tajikistan,TJK,EUR,2023,a,f,1774,1667,14,53,40,94,Female (All Ages)
Tajikistan,TJK,EUR,2023,a,m,2185,2022,8,94,61,93,Male (All Ages)
Thailand,THA,SEA,2018,0-14,a,840,769,,,,92,Children (0-14)
Thailand,THA,SEA,2019,0-14,a,868,797,,,,92,Children (0-14)
Thailand,THA,SEA,2019,a,f,28355,24478,92,2143,1069,86,Female (All Ages)
Thailand,THA,SEA,2019,a,m,58728,49543,256,5085,2937,84,Male (All Ages)
Thailand,THA,SEA,2020,0-14,a,885,781,,,,88,Children (0-14)
Thailand,THA,SEA,2020,a,f,27550,23225,83,2094,937,84,Female (All Ages)
Thailand,THA,SEA,2020,a,m,58287,48210,193,5168,3097,83,Male (All Ages)
Thailand,THA,SEA,2021,0-14,a,629,550,,,,87,Children (0-14)
Thailand,THA,SEA,2021,a,f,22878,19286,45,1875,846,84,Female (All Ages)
Thailand,THA,SEA,2021,a,m,48610,41479,98,4845,1298,85,Male (All Ages)
Thailand,THA,SEA,2022,0-14,a,607,536,,,,88,Children (0-14)
Thailand,THA,SEA,2022,a,f,23077,19176,92,1962,1062,83,Female (All Ages)
Thailand,THA,SEA,2022,a,m,49197,39077,197,5265,3130,79,Male (All Ages)
Thailand,THA,SEA,2023,0-14,a,652,590,,,,90,Children (0-14)
Thailand,THA,SEA,2023,a,f,25556,21467,77,2096,1099,84,Female (All Ages)
Thailand,THA,SEA,2023,a,m,54653,44064,244,5363,3393,81,Male (All Ages)
Timor-Leste,TLS,SEA,2023,0-14,a,275,270,,,,98,Children (0-14)
Togo,TGO,AFR,2018,0-14,a,83,74,,,,89,Children (0-14)
Togo,TGO,AFR,2019,0-14,a,85,79,,,,93,Children (0-14)
Togo,TGO,AFR,2020,0-14,a,65,62,,,,95,Children (0-14)
Togo,TGO,AFR,2021,0-14,a,85,78,,,,92,Children (0-14)
Togo,TGO,AFR,2022,0-14,a,94,87,,,,93,Children (0-14)
Togo,TGO,AFR,2023,0-14,a,112,100,,,,89,Children (0-14)
Tokelau,TKL,WPR,2019,0-14,a,0,0,,,,,Children (0-14)
Tokelau,TKL,WPR,2022,0-14,a,0,0,,,,,Children (0-14)
Tonga,TON,WPR,2018,0-14,a,0,0,,,,,Children (0-14)
Tonga,TON,WPR,2019,0-14,a,1,1,,,,100,Children (0-14)
Tonga,TON,WPR,2020,0-14,a,1,1,,,,100,Children (0-14)
Trinidad and Tobago,TTO,AMR,2018,0-14,a,6,5,0,1,0,83,Children (0-14)
Trinidad and Tobago,TTO,AMR,2019,0-14,a,6,3,0,1,2,50,Children (0-14)
Trinidad and Tobago,TTO,AMR,2020,0-14,a,3,3,0,0,0,100,Children (0-14)
Trinidad and Tobago,TTO,AMR,2021,0-14,a,5,5,0,0,0,100,Children (0-14)
Tunisia,TUN,EMR,2020,0-14,a,205,,,,,0,Children (0-14)
Türkiye,TUR,EUR,2013,0-14,a,581,494,0,10,12,85,Children (0-14)
Türkiye,TUR,EUR,2014,0-14,a,543,479,0,11,13,88,Children (0-14)
Türkiye,TUR,EUR,2015,0-14,a,623,545,1,15,11,87,Children (0-14)
Türkiye,TUR,EUR,2016,0-14,a,626,536,0,15,12,86,Children (0-14)
Türkiye,TUR,EUR,2017,0-14,a,544,482,1,11,12,89,Children (0-14)
Türkiye,TUR,EUR,2018,0-14,a,598,511,2,13,4,85,Children (0-14)
Türkiye,TUR,EUR,2019,0-14,a,490,397,0,21,8,81,Children (0-14)
Türkiye,TUR,EUR,2020,0-14,a,390,314,2,12,4,81,Children (0-14)
Türkiye,TUR,EUR,2021,0-14,a,387,285,1,14,6,74,Children (0-14)
Türkiye,TUR,EUR,2022,0-14,a,391,319,1,15,5,82,Children (0-14)
Türkiye,TUR,EUR,2023,0-14,a,407,318,1,15,5,78,Children (0-14)
Turkmenistan,TKM,EUR,2013,0-14,a,51,,,,,0,Children (0-14)
Turkmenistan,TKM,EUR,2022,0-14,a,37,37,,,,100,Children (0-14)
Turkmenistan,TKM,EUR,2023,0-14,a,36,32,1,2,0,89,Children (0-14)
Turks and Caicos Islands,TCA,AMR,2022,0-14,a,0,0,0,0,0,,Children (0-14)
Tuvalu,TUV,WPR,2018,0-14,a,4,4,,,,100,Children (0-14)
Tuvalu,TUV,WPR,2019,0-14,a,5,5,,,,100,Children (0-14)
Tuvalu,TUV,WPR,2021,0-14,a,1,1,,,,100,Children (0-14)
Tuvalu,TUV,WPR,2022,0-14,a,2,2,,,,100,Children (0-14)
Uganda,UGA,AFR,2018,0-14,a,7890,4949,,,,63,Children (0-14)
Uganda,UGA,AFR,2019,0-14,a,5541,4747,,,,86,Children (0-14)
Uganda,UGA,AFR,2019,a,f,23760,19580,136,1815,2005,82,Female (All Ages)
Uganda,UGA,AFR,2019,a,m,39268,32228,258,2827,3324,82,Male (All Ages)
Uganda,UGA,AFR,2020,0-14,a,7070,6218,,,,88,Children (0-14)
Uganda,UGA,AFR,2020,a,f,17342,15202,80,1196,848,88,Female (All Ages)
Uganda,UGA,AFR,2020,a,m,43087,36415,259,3130,2335,85,Male (All Ages)
Uganda,UGA,AFR,2021,0-14,a,9476,8400,,,,89,Children (0-14)
Uganda,UGA,AFR,2021,a,f,19655,17415,75,1031,875,89,Female (All Ages)
Uganda,UGA,AFR,2021,a,m,55049,48019,279,3338,2715,87,Male (All Ages)
Uganda,UGA,AFR,2022,0-14,a,15115,13991,,,,93,Children (0-14)
Uganda,UGA,AFR,2022,a,f,37592,34293,104,1463,1423,91,Female (All Ages)
Uganda,UGA,AFR,2022,a,m,55768,49880,256,2892,2268,89,Male (All Ages)
Uganda,UGA,AFR,2023,0-14,a,11790,11110,,,,94,Children (0-14)
Uganda,UGA,AFR,2023,a,f,23969,22158,72,935,599,92,Female (All Ages)
Uganda,UGA,AFR,2023,a,m,62032,56822,216,2743,1740,92,Male (All Ages)
Ukraine,UKR,EUR,2013,0-14,a,561,501,34,12,9,89,Children (0-14)
Ukraine,UKR,EUR,2014,0-14,a,494,429,22,6,37,87,Children (0-14)
Ukraine,UKR,EUR,2015,0-14,a,469,434,23,7,4,93,Children (0-14)
Ukraine,UKR,EUR,2016,0-14,a,435,395,28,5,6,91,Children (0-14)
Ukraine,UKR,EUR,2017,0-14,a,484,448,21,8,7,93,Children (0-14)
Ukraine,UKR,EUR,2018,0-14,a,458,437,9,8,4,95,Children (0-14)
Ukraine,UKR,EUR,2019,0-14,a,428,414,5,8,1,97,Children (0-14)
Ukraine,UKR,EUR,2020,0-14,a,289,277,6,5,1,96,Children (0-14)
Ukraine,UKR,EUR,2020,a,f,4078,3328,183,364,196,82,Female (All Ages)
Ukraine,UKR,EUR,2020,a,m,9140,6904,669,1013,548,76,Male (All Ages)
Ukraine,UKR,EUR,2021,0-14,a,364,346,9,5,4,95,Children (0-14)
Ukraine,UKR,EUR,2021,a,f,4343,3430,236,472,195,79,Female (All Ages)
Ukraine,UKR,EUR,2021,a,m,10053,7325,824,1260,605,73,Male (All Ages)
Ukraine,UKR,EUR,2022,0-14,a,330,299,7,11,12,91,Children (0-14)
Ukraine,UKR,EUR,2022,a,f,4203,3392,179,383,229,81,Female (All Ages)
Ukraine,UKR,EUR,2022,a,m,10686,8142,586,1253,635,76,Male (All Ages)
Ukraine,UKR,EUR,2023,0-14,a,483,464,4,6,8,96,Children (0-14)
Ukraine,UKR,EUR,2023,a,f,4323,3421,225,467,195,79,Female (All Ages)
Ukraine,UKR,EUR,2023,a,m,12480,9465,1044,1139,762,76,Male (All Ages)
United Arab Emirates,ARE,EMR,2018,0-14,a,3,1,,,,33,Children (0-14)
United Arab Emirates,ARE,EMR,2019,0-14,a,3,3,,,,100,Children (0-14)
United Arab Emirates,ARE,EMR,2020,0-14,a,2,1,,,,50,Children (0-14)
United Arab Emirates,ARE,EMR,2021,0-14,a,4,3,,,,75,Children (0-14)
United Arab Emirates,ARE,EMR,2022,0-14,a,5,4,,,,80,Children (0-14)
United Arab Emirates,ARE,EMR,2023,0-14,a,2,2,,,,100,Children (0-14)
United Kingdom of Great Britain and Northern Ireland,GBR,EUR,2013,0-14,a,309,271,0,2,5,88,Children (0-14)
United Kingdom of Great Britain and Northern Ireland,GBR,EUR,2014,0-14,a,274,250,0,1,2,91,Children (0-14)
United Kingdom of Great Britain and Northern Ireland,GBR,EUR,2015,0-14,a,224,202,0,1,5,90,Children (0-14)
United Kingdom of Great Britain and Northern Ireland,GBR,EUR,2016,0-14,a,220,203,0,1,2,92,Children (0-14)
United Kingdom of Great Britain and Northern Ireland,GBR,EUR,2017,0-14,a,191,166,0,1,6,87,Children (0-14)
United Kingdom of Great Britain and Northern Ireland,GBR,EUR,2018,0-14,a,155,134,0,1,5,86,Children (0-14)
United Kingdom of Great Britain and Northern Ireland,GBR,EUR,2019,0-14,a,182,154,0,0,3,85,Children (0-14)
United Kingdom of Great Britain and Northern Ireland,GBR,EUR,2020,0-14,a,156,129,14,3,0,83,Children (0-14)
United Kingdom of Great Britain and Northern Ireland,GBR,EUR,2021,0-14,a,130,123,3,0,0,95,Children (0-14)
United Kingdom of Great Britain and Northern Ireland,GBR,EUR,2022,0-14,a,142,130,3,0,3,92,Children (0-14)
United Kingdom of Great Britain and Northern Ireland,GBR,EUR,2023,0-14,a,162,156,0,0,2,96,Children (0-14)
United Republic of Tanzania,TZA,AFR,2018,0-14,a,10487,9832,,,,94,Children (0-14)
United Republic of Tanzania,TZA,AFR,2019,0-14,a,12240,11685,,,,95,Children (0-14)
United Republic of Tanzania,TZA,AFR,2019,a,f,32134,30003,59,1283,268,93,Female (All Ages)
United Republic of Tanzania,TZA,AFR,2019,a,m,48618,45481,34,1949,515,94,Male (All Ages)
United Republic of Tanzania,TZA,AFR,2020,0-14,a,13591,13245,,,,97,Children (0-14)
United Republic of Tanzania,TZA,AFR,2020,a,f,34147,32686,51,1038,272,96,Female (All Ages)
United Republic of Tanzania,TZA,AFR,2020,a,m,50320,48023,24,1728,508,95,Male (All Ages)
United Republic of Tanzania,TZA,AFR,2021,0-14,a,14064,13710,,,,97,Children (0-14)
United Republic of Tanzania,TZA,AFR,2021,a,f,34373,32904,34,983,237,96,Female (All Ages)
United Republic of Tanzania,TZA,AFR,2021,a,m,52009,49592,40,1753,475,95,Male (All Ages)
United Republic of Tanzania,TZA,AFR,2022,0-14,a,16974,16534,,,,97,Children (0-14)
United Republic of Tanzania,TZA,AFR,2022,a,f,40408,38909,31,991,271,96,Female (All Ages)
United Republic of Tanzania,TZA,AFR,2022,a,m,59409,57042,77,1708,508,96,Male (All Ages)
United Republic of Tanzania,TZA,AFR,2023,0-14,a,14578,14188,,,,97,Children (0-14)
United Republic of Tanzania,TZA,AFR,2023,a,f,36368,34823,25,979,226,96,Female (All Ages)
United Republic of Tanzania,TZA,AFR,2023,a,m,55759,53350,59,1500,435,96,Male (All Ages)
United States of America,USA,AMR,2018,0-14,a,371,342,0,2,0,92,Children (0-14)
United States of America,USA,AMR,2019,0-14,a,364,320,0,2,2,88,Children (0-14)
United States of America,USA,AMR,2020,0-14,a,307,271,0,3,2,88,Children (0-14)
United States of America,USA,AMR,2021,0-14,a,301,257,0,3,4,85,Children (0-14)
United States of America,USA,AMR,2022,0-14,a,350,283,0,5,3,81,Children (0-14)
Uruguay,URY,AMR,2013,0-14,a,50,49,0,0,1,98,Children (0-14)
Uruguay,URY,AMR,2014,0-14,a,57,55,0,0,1,96,Children (0-14)
Uruguay,URY,AMR,2015,0-14,a,53,52,0,0,1,98,Children (0-14)
Uruguay,URY,AMR,2016,0-14,a,51,45,0,0,6,88,Children (0-14)
Uruguay,URY,AMR,2017,0-14,a,51,45,0,2,4,88,Children (0-14)
Uruguay,URY,AMR,2018,0-14,a,47,45,0,0,1,96,Children (0-14)
Uruguay,URY,AMR,2019,0-14,a,42,39,0,1,2,93,Children (0-14)
Uruguay,URY,AMR,2020,0-14,a,61,61,0,0,0,100,Children (0-14)
Uruguay,URY,AMR,2021,0-14,a,34,31,0,1,2,91,Children (0-14)
Uruguay,URY,AMR,2022,0-14,a,63,57,0,2,4,90,Children (0-14)
Uruguay,URY,AMR,2023,0-14,a,77,76,0,0,1,99,Children (0-14)
Uzbekistan,UZB,EUR,2013,0-14,a,1960,1867,5,14,42,95,Children (0-14)
Uzbekistan,UZB,EUR,2014,0-14,a,1913,1335,6,2,11,70,Children (0-14)
Vanuatu,VUT,WPR,2018,0-14,a,23,23,,,,100,Children (0-14)
Vanuatu,VUT,WPR,2020,0-14,a,8,8,,,,100,Children (0-14)
Vanuatu,VUT,WPR,2021,0-14,a,4,2,,,,50,Children (0-14)
Vanuatu,VUT,WPR,2022,0-14,a,10,9,,,,90,Children (0-14)
Vanuatu,VUT,WPR,2023,0-14,a,6,6,,,,100,Children (0-14)
Venezuela (Bolivarian Republic of),VEN,AMR,2013,0-14,a,457,383,0,21,53,84,Children (0-14)
Venezuela (Bolivarian Republic of),VEN,AMR,2014,0-14,a,402,341,0,16,40,85,Children (0-14)
Venezuela (Bolivarian Republic of),VEN,AMR,2015,0-14,a,438,389,0,9,33,89,Children (0-14)
Venezuela (Bolivarian Republic of),VEN,AMR,2016,0-14,a,448,406,0,1,30,91,Children (0-14)
Venezuela (Bolivarian Republic of),VEN,AMR,2017,0-14,a,450,435,0,2,13,97,Children (0-14)
Venezuela (Bolivarian Republic of),VEN,AMR,2018,0-14,a,598,506,0,6,45,85,Children (0-14)
Venezuela (Bolivarian Republic of),VEN,AMR,2019,0-14,a,565,474,0,11,68,84,Children (0-14)
Venezuela (Bolivarian Republic of),VEN,AMR,2020,0-14,a,362,325,0,3,33,90,Children (0-14)
Venezuela (Bolivarian Republic of),VEN,AMR,2021,0-14,a,374,319,0,5,35,85,Children (0-14)
Venezuela (Bolivarian Republic of),VEN,AMR,2022,0-14,a,507,439,0,12,56,87,Children (0-14)
Venezuela (Bolivarian Republic of),VEN,AMR,2023,0-14,a,536,462,0,3,71,86,Children (0-14)
Viet Nam,VNM,WPR,2018,0-14,a,1656,1350,,,,82,Children (0-14)
Viet Nam,VNM,WPR,2019,0-14,a,1704,1220,,,,72,Children (0-14)
Viet Nam,VNM,WPR,2019,a,f,23138,21382,95,531,555,92,Female (All Ages)
Viet Nam,VNM,WPR,2019,a,m,79282,71811,421,1962,2343,91,Male (All Ages)
Viet Nam,VNM,WPR,2020,0-14,a,1395,987,,,,71,Children (0-14)
Viet Nam,VNM,WPR,2020,a,f,22339,20691,87,478,479,93,Female (All Ages)
Viet Nam,VNM,WPR,2020,a,m,77513,70338,374,1909,1997,91,Male (All Ages)
Viet Nam,VNM,WPR,2021,0-14,a,820,582,,,,71,Children (0-14)
Viet Nam,VNM,WPR,2021,a,f,18460,16868,185,413,605,91,Female (All Ages)
Viet Nam,VNM,WPR,2021,a,m,59197,53249,591,1389,1828,90,Male (All Ages)
Viet Nam,VNM,WPR,2022,0-14,a,982,699,,,,71,Children (0-14)
Viet Nam,VNM,WPR,2022,a,f,25221,22553,95,588,1141,89,Female (All Ages)
Viet Nam,VNM,WPR,2022,a,m,77258,68659,348,1874,3164,89,Male (All Ages)
Viet Nam,VNM,WPR,2023,0-14,a,1175,861,,,,73,Children (0-14)
Viet Nam,VNM,WPR,2023,a,f,28878,25990,219,631,1202,90,Female (All Ages)
Viet Nam,VNM,WPR,2023,a,m,75639,66709,771,2012,3592,88,Male (All Ages)
Wallis and Futuna,WLF,WPR,2018,0-14,a,0,0,,,,,Children (0-14)
Wallis and Futuna,WLF,WPR,2019,0-14,a,0,0,,,,,Children (0-14)
Zambia,ZMB,AFR,2018,0-14,a,2206,1947,,,,88,Children (0-14)
Zambia,ZMB,AFR,2019,0-14,a,2473,2214,,,,90,Children (0-14)
Zambia,ZMB,AFR,2020,0-14,a,2726,2488,,,,91,Children (0-14)
Zambia,ZMB,AFR,2020,a,f,13932,12745,51,657,284,91,Female (All Ages)
Zambia,ZMB,AFR,2020,a,m,26068,23635,123,1345,615,91,Male (All Ages)
Zambia,ZMB,AFR,2021,0-14,a,3891,3631,,,,93,Children (0-14)
Zambia,ZMB,AFR,2021,a,f,17687,16385,43,730,357,93,Female (All Ages)
Zambia,ZMB,AFR,2021,a,m,32388,29776,96,1568,691,92,Male (All Ages)
Zambia,ZMB,AFR,2022,0-14,a,5796,5425,,,,94,Children (0-14)
Zambia,ZMB,AFR,2022,a,f,19863,18448,30,804,398,93,Female (All Ages)
Zambia,ZMB,AFR,2022,a,m,34264,31761,85,1532,594,93,Male (All Ages)
Zambia,ZMB,AFR,2023,0-14,a,6213,5751,,,,93,Children (0-14)
Zambia,ZMB,AFR,2023,a,f,20412,18963,30,842,266,93,Female (All Ages)
Zambia,ZMB,AFR,2023,a,m,33934,31200,71,1587,1038,92,Male (All Ages)
Zimbabwe,ZWE,AFR,2018,0-14,a,1547,1253,,,,81,Children (0-14)
Zimbabwe,ZWE,AFR,2019,0-14,a,1171,1102,,,,94,Children (0-14)
Zimbabwe,ZWE,AFR,2020,0-14,a,886,803,,,,91,Children (0-14)
Zimbabwe,ZWE,AFR,2020,a,f,5754,5121,35,493,87,89,Female (All Ages)
Zimbabwe,ZWE,AFR,2020,a,m,10302,9042,67,923,213,88,Male (All Ages)
Zimbabwe,ZWE,AFR,2021,0-14,a,922,831,,,,90,Children (0-14)
Zimbabwe,ZWE,AFR,2021,a,f,6066,5329,39,519,146,88,Female (All Ages)
Zimbabwe,ZWE,AFR,2021,a,m,10475,9535,71,637,82,91,Male (All Ages)
Zimbabwe,ZWE,AFR,2022,0-14,a,1109,1082,,,,98,Children (0-14)
Zimbabwe,ZWE,AFR,2023,0-14,a,1136,1061,,,,93,Children (0-14)
Zimbabwe,ZWE,AFR,2023,a,f,6623,6463,25,100,30,98,Female (All Ages)
Zimbabwe,ZWE,AFR,2023,a,m,12540,11002,31,1237,221,88,Male (All Ages)
